id,title,5th,10th,first_positive_5,second_view_1,third_rating_people_5,first_positive_5_1,second_view_1_1,third_rating_people_5_1,first_positive_5_story,second_view_1_story,third_rating_people_5_story,positive,view,rating_people,positive_1,view_1,rating_people_1,positive_story,view_story,rating_people_story,comment_writer_count,comment_writer,pos_keyword_1,pos_keyword_2,pos_keyword_3,neg_keyword_1,neg_keyword_2,neg_keyword_3,label
536622,촉수괴물 M,0.4727374060048159,0.4645037173315648,32.0,44408,10992.6,56.32911392405063,123234.87658227848,8794.260886075948,50.242684157416754,69395.34207870837,6072.755958627649,58.0,44408,13602.85,84.30379746835443,123234.87658227848,10578.842784810126,68.4899091826438,69395.34207870837,7293.848582240162,285,(zxxz****),재밌게,촉수,재밌다,촉수,촉수괴물,뭐야,2
536622,촉수괴물 M,0.4727374060048159,0.4645037173315648,32.0,44408,10992.6,56.32911392405063,123234.87658227848,8794.260886075948,50.242684157416754,69395.34207870837,6072.755958627649,43.0,36044,11827.68,54.86392405063291,96116.10759493671,9658.456487341773,48.435418768920286,51538.39959636731,6607.998688193744,285,(zxxz****),재밌게,촉수,재밌다,촉수,촉수괴물,뭐야,2
536622,촉수괴물 M,0.4727374060048159,0.4645037173315648,32.0,44408,10992.6,56.32911392405063,123234.87658227848,8794.260886075948,50.242684157416754,69395.34207870837,6072.755958627649,20.0,32770,10727.68,50.813291139240505,80195.39240506329,9311.980189873419,46.25428859737639,43429.206357214935,6291.704515640767,285,(zxxz****),재밌게,촉수,재밌다,촉수,촉수괴물,뭐야,2
536622,촉수괴물 M,0.4727374060048159,0.4645037173315648,32.0,44408,10992.6,56.32911392405063,123234.87658227848,8794.260886075948,50.242684157416754,69395.34207870837,6072.755958627649,27.0,33126,10115.07,55.18037974683544,71927.29113924051,9014.11743670886,52.89455095862765,39567.73713420787,6106.571352169526,285,(zxxz****),재밌게,촉수,재밌다,촉수,촉수괴물,뭐야,2
536622,촉수괴물 M,0.4727374060048159,0.4645037173315648,32.0,44408,10992.6,56.32911392405063,123234.87658227848,8794.260886075948,50.242684157416754,69395.34207870837,6072.755958627649,32.0,32406,10992.6,56.32911392405063,68165.51582278482,8794.260886075948,50.242684157416754,37427.434914228055,6072.755958627649,285,(zxxz****),재밌게,촉수,재밌다,촉수,촉수괴물,뭐야,2
