id,title,5th,10th,first_positive_5,second_view_1,third_rating_people_5,first_positive_5_1,second_view_1_1,third_rating_people_5_1,first_positive_5_story,second_view_1_story,third_rating_people_5_story,positive,view,rating_people,positive_1,view_1,rating_people_1,positive_story,view_story,rating_people_story,comment_writer_count,comment_writer,pos_keyword_1,pos_keyword_2,pos_keyword_3,neg_keyword_1,neg_keyword_2,neg_keyword_3,label
679237,사가,0.5817905770398021,0.5143250928022904,2.0,74752,609.92,56.32911392405063,123234.87658227848,8794.260886075948,50.242684157416754,69395.34207870837,6072.755958627649,10.0,74752,1383.84,84.30379746835443,123234.87658227848,10578.842784810126,68.4899091826438,69395.34207870837,7293.848582240162,38,(ysm3****),화이팅,재밌게,흥미진진합니다,와,흑백이어도,전혀,2
679237,사가,0.5817905770398021,0.5143250928022904,2.0,74752,609.92,56.32911392405063,123234.87658227848,8794.260886075948,50.242684157416754,69395.34207870837,6072.755958627649,6.0,27892,1003.6,54.86392405063291,96116.10759493671,9658.456487341773,48.435418768920286,51538.39959636731,6607.998688193744,38,(ysm3****),화이팅,재밌게,흥미진진합니다,와,흑백이어도,전혀,2
679237,사가,0.5817905770398021,0.5143250928022904,2.0,74752,609.92,56.32911392405063,123234.87658227848,8794.260886075948,50.242684157416754,69395.34207870837,6072.755958627649,3.0,22290,840.2199999999999,50.813291139240505,80195.39240506329,9311.980189873419,46.25428859737639,43429.206357214935,6291.704515640767,38,(ysm3****),화이팅,재밌게,흥미진진합니다,와,흑백이어도,전혀,2
679237,사가,0.5817905770398021,0.5143250928022904,2.0,74752,609.92,56.32911392405063,123234.87658227848,8794.260886075948,50.242684157416754,69395.34207870837,6072.755958627649,2.0,19231,672.6999999999999,55.18037974683544,71927.29113924051,9014.11743670886,52.89455095862765,39567.73713420787,6106.571352169526,38,(ysm3****),화이팅,재밌게,흥미진진합니다,와,흑백이어도,전혀,2
679237,사가,0.5817905770398021,0.5143250928022904,2.0,74752,609.92,56.32911392405063,123234.87658227848,8794.260886075948,50.242684157416754,69395.34207870837,6072.755958627649,2.0,17774,609.92,56.32911392405063,68165.51582278482,8794.260886075948,50.242684157416754,37427.434914228055,6072.755958627649,38,(ysm3****),화이팅,재밌게,흥미진진합니다,와,흑백이어도,전혀,2
