id,title,5th,10th,first_positive_5,second_view_1,third_rating_people_5,first_positive_5_1,second_view_1_1,third_rating_people_5_1,first_positive_5_episode,second_view_1_episode,third_rating_people_5_episode,positive,view,rating_people,positive_1,view_1,rating_people_1,positive_episode,view_episode,rating_people_episode,comment_writer_count,comment_writer,pos_keyword_1,pos_keyword_2,pos_keyword_3,neg_keyword_1,neg_keyword_2,neg_keyword_3,label
734996,500원 토끼,0.4763050526195325,0.4521269620674649,16.0,127772,6230.25,56.32911392405063,123234.87658227848,8794.260886075948,36.438228438228435,69250.7703962704,6269.397622377623,42.0,127772,7740.64,84.30379746835443,123234.87658227848,10578.842784810126,57.42307692307692,69250.7703962704,7738.134545454546,157,(zjsj****),귀여워,토끼,귀엽다,500원으로,왜,500원,2
734996,500원 토끼,0.4763050526195325,0.4521269620674649,16.0,127772,6230.25,56.32911392405063,123234.87658227848,8794.260886075948,36.438228438228435,69250.7703962704,6269.397622377623,19.0,117674,7030.040000000001,54.86392405063291,96116.10759493671,9658.456487341773,37.455710955710956,57358.25874125874,6988.803624708625,157,(zjsj****),귀여워,토끼,귀엽다,500원으로,왜,500원,2
734996,500원 토끼,0.4763050526195325,0.4521269620674649,16.0,127772,6230.25,56.32911392405063,123234.87658227848,8794.260886075948,36.438228438228435,69250.7703962704,6269.397622377623,12.0,108909,6786.0,50.813291139240505,80195.39240506329,9311.980189873419,35.62937062937063,50639.46153846154,6635.007855477856,157,(zjsj****),귀여워,토끼,귀엽다,500원으로,왜,500원,2
734996,500원 토끼,0.4763050526195325,0.4521269620674649,16.0,127772,6230.25,56.32911392405063,123234.87658227848,8794.260886075948,36.438228438228435,69250.7703962704,6269.397622377623,19.0,100459,5929.200000000001,55.18037974683544,71927.29113924051,9014.11743670886,34.71911421911422,46447.094405594406,6365.26282051282,157,(zjsj****),귀여워,토끼,귀엽다,500원으로,왜,500원,2
734996,500원 토끼,0.4763050526195325,0.4521269620674649,16.0,127772,6230.25,56.32911392405063,123234.87658227848,8794.260886075948,36.438228438228435,69250.7703962704,6269.397622377623,16.0,97653,6230.25,56.32911392405063,68165.51582278482,8794.260886075948,36.438228438228435,43800.34731934732,6269.397622377623,157,(zjsj****),귀여워,토끼,귀엽다,500원으로,왜,500원,2
