id,title,5th,10th,first_positive_5,second_view_1,third_rating_people_5,first_positive_5_1,second_view_1_1,third_rating_people_5_1,first_positive_5_story,second_view_1_story,third_rating_people_5_story,positive,view,rating_people,positive_1,view_1,rating_people_1,positive_story,view_story,rating_people_story,comment_writer_count,comment_writer,pos_keyword_1,pos_keyword_2,pos_keyword_3,neg_keyword_1,neg_keyword_2,neg_keyword_3,label
710152,마녀가 잠든 사이에,0.5653844289805349,0.563529320101264,15.0,76047,4702.88,56.32911392405063,123234.87658227848,8794.260886075948,50.242684157416754,69395.34207870837,6072.755958627649,12.0,76047,4943.25,84.30379746835443,123234.87658227848,10578.842784810126,68.4899091826438,69395.34207870837,7293.848582240162,55,(zoe0****),재밌어요,넘,리에씨,노랑머리,카카오페이지,나의,2
710152,마녀가 잠든 사이에,0.5653844289805349,0.563529320101264,15.0,76047,4702.88,56.32911392405063,123234.87658227848,8794.260886075948,50.242684157416754,69395.34207870837,6072.755958627649,10.0,67933,4840.78,54.86392405063291,96116.10759493671,9658.456487341773,48.435418768920286,51538.39959636731,6607.998688193744,55,(zoe0****),재밌어요,넘,리에씨,노랑머리,카카오페이지,나의,2
710152,마녀가 잠든 사이에,0.5653844289805349,0.563529320101264,15.0,76047,4702.88,56.32911392405063,123234.87658227848,8794.260886075948,50.242684157416754,69395.34207870837,6072.755958627649,8.0,67792,4714.16,50.813291139240505,80195.39240506329,9311.980189873419,46.25428859737639,43429.206357214935,6291.704515640767,55,(zoe0****),재밌어요,넘,리에씨,노랑머리,카카오페이지,나의,2
710152,마녀가 잠든 사이에,0.5653844289805349,0.563529320101264,15.0,76047,4702.88,56.32911392405063,123234.87658227848,8794.260886075948,50.242684157416754,69395.34207870837,6072.755958627649,8.0,66698,4643.1,55.18037974683544,71927.29113924051,9014.11743670886,52.89455095862765,39567.73713420787,6106.571352169526,55,(zoe0****),재밌어요,넘,리에씨,노랑머리,카카오페이지,나의,2
710152,마녀가 잠든 사이에,0.5653844289805349,0.563529320101264,15.0,76047,4702.88,56.32911392405063,123234.87658227848,8794.260886075948,50.242684157416754,69395.34207870837,6072.755958627649,15.0,65697,4702.88,56.32911392405063,68165.51582278482,8794.260886075948,50.242684157416754,37427.434914228055,6072.755958627649,55,(zoe0****),재밌어요,넘,리에씨,노랑머리,카카오페이지,나의,2
