id,title,5th,10th,first_positive_5,second_view_1,third_rating_people_5,first_positive_5_1,second_view_1_1,third_rating_people_5_1,first_positive_5_story,second_view_1_story,third_rating_people_5_story,positive,view,rating_people,positive_1,view_1,rating_people_1,positive_story,view_story,rating_people_story,comment_writer_count,comment_writer,pos_keyword_1,pos_keyword_2,pos_keyword_3,neg_keyword_1,neg_keyword_2,neg_keyword_3,label
710685,최초의 다정,0.6653801321398636,0.0,7.0,21012,1633.26,56.32911392405063,123234.87658227848,8794.260886075948,50.242684157416754,69395.34207870837,6072.755958627649,11.0,21012,2076.75,84.30379746835443,123234.87658227848,10578.842784810126,68.4899091826438,69395.34207870837,7293.848582240162,37,(yunu****),빨리,흥미진진하네요,와아,나같으면,따라갈텐데,나혼자만,2
710685,최초의 다정,0.6653801321398636,0.0,7.0,21012,1633.26,56.32911392405063,123234.87658227848,8794.260886075948,50.242684157416754,69395.34207870837,6072.755958627649,7.0,15321,1703.4599999999998,54.86392405063291,96116.10759493671,9658.456487341773,48.435418768920286,51538.39959636731,6607.998688193744,37,(yunu****),빨리,흥미진진하네요,와아,나같으면,따라갈텐데,나혼자만,2
710685,최초의 다정,0.6653801321398636,0.0,7.0,21012,1633.26,56.32911392405063,123234.87658227848,8794.260886075948,50.242684157416754,69395.34207870837,6072.755958627649,9.0,14890,1675.28,50.813291139240505,80195.39240506329,9311.980189873419,46.25428859737639,43429.206357214935,6291.704515640767,37,(yunu****),빨리,흥미진진하네요,와아,나같으면,따라갈텐데,나혼자만,2
710685,최초의 다정,0.6653801321398636,0.0,7.0,21012,1633.26,56.32911392405063,123234.87658227848,8794.260886075948,50.242684157416754,69395.34207870837,6072.755958627649,8.0,12854,1644.37,55.18037974683544,71927.29113924051,9014.11743670886,52.89455095862765,39567.73713420787,6106.571352169526,37,(yunu****),빨리,흥미진진하네요,와아,나같으면,따라갈텐데,나혼자만,2
710685,최초의 다정,0.6653801321398636,0.0,7.0,21012,1633.26,56.32911392405063,123234.87658227848,8794.260886075948,50.242684157416754,69395.34207870837,6072.755958627649,7.0,12978,1633.26,56.32911392405063,68165.51582278482,8794.260886075948,50.242684157416754,37427.434914228055,6072.755958627649,37,(yunu****),빨리,흥미진진하네요,와아,나같으면,따라갈텐데,나혼자만,2
