id,title,5th,10th,first_positive_5,second_view_1,third_rating_people_5,first_positive_5_1,second_view_1_1,third_rating_people_5_1,first_positive_5_episode,second_view_1_episode,third_rating_people_5_episode,positive,view,rating_people,positive_1,view_1,rating_people_1,positive_episode,view_episode,rating_people_episode,comment_writer_count,comment_writer,pos_keyword_1,pos_keyword_2,pos_keyword_3,neg_keyword_1,neg_keyword_2,neg_keyword_3,label
764433,띵동! 도토리에요,0.6479814765538806,0.5241944546555142,8.0,39814,2073.36,56.32911392405063,123234.87658227848,8794.260886075948,36.438228438228435,69250.7703962704,6269.397622377623,23.0,39814,3129.39,84.30379746835443,123234.87658227848,10578.842784810126,57.42307692307692,69250.7703962704,7738.134545454546,80,(zbkm****),귀여워,넘,와,엥,이게,베도네이버,2
764433,띵동! 도토리에요,0.6479814765538806,0.5241944546555142,8.0,39814,2073.36,56.32911392405063,123234.87658227848,8794.260886075948,36.438228438228435,69250.7703962704,6269.397622377623,19.0,30726,2645.37,54.86392405063291,96116.10759493671,9658.456487341773,37.455710955710956,57358.25874125874,6988.803624708625,80,(zbkm****),귀여워,넘,와,엥,이게,베도네이버,2
764433,띵동! 도토리에요,0.6479814765538806,0.5241944546555142,8.0,39814,2073.36,56.32911392405063,123234.87658227848,8794.260886075948,36.438228438228435,69250.7703962704,6269.397622377623,13.0,23996,2126.49,50.813291139240505,80195.39240506329,9311.980189873419,35.62937062937063,50639.46153846154,6635.007855477856,80,(zbkm****),귀여워,넘,와,엥,이게,베도네이버,2
764433,띵동! 도토리에요,0.6479814765538806,0.5241944546555142,8.0,39814,2073.36,56.32911392405063,123234.87658227848,8794.260886075948,36.438228438228435,69250.7703962704,6269.397622377623,14.0,22471,2192.09,55.18037974683544,71927.29113924051,9014.11743670886,34.71911421911422,46447.094405594406,6365.26282051282,80,(zbkm****),귀여워,넘,와,엥,이게,베도네이버,2
764433,띵동! 도토리에요,0.6479814765538806,0.5241944546555142,8.0,39814,2073.36,56.32911392405063,123234.87658227848,8794.260886075948,36.438228438228435,69250.7703962704,6269.397622377623,8.0,21267,2073.36,56.32911392405063,68165.51582278482,8794.260886075948,36.438228438228435,43800.34731934732,6269.397622377623,80,(zbkm****),귀여워,넘,와,엥,이게,베도네이버,2
