id,title,5th,10th,first_positive_5,second_view_1,third_rating_people_5,first_positive_5_mean,second_view_1_mean,third_rating_people_5_mean,positive,view,rating_people,comment_writer_count,comment_writer,pos_keyword_1,pos_keyword_2,pos_keyword_3,neg_keyword_1,neg_keyword_2,neg_keyword_3,label
138998,이거지롱,0.5806146768652412,0,159,16296,14773.11,56.32911392405063,123234.87658227848,8794.260886075948,340,16296,19715.86,1237,zz01****,넘,귀여워요,귀엽다,키우는데,강아지,저희,1
138998,이거지롱,0.5806146768652412,0,159,16296,14773.11,56.32911392405063,123234.87658227848,8794.260886075948,225,9469,17710.109999999997,1237,zz01****,넘,귀여워요,귀엽다,키우는데,강아지,저희,1
138998,이거지롱,0.5806146768652412,0,159,16296,14773.11,56.32911392405063,123234.87658227848,8794.260886075948,260,5354,16413.6,1237,zz01****,넘,귀여워요,귀엽다,키우는데,강아지,저희,1
138998,이거지롱,0.5806146768652412,0,159,16296,14773.11,56.32911392405063,123234.87658227848,8794.260886075948,240,2903,15503.6,1237,zz01****,넘,귀여워요,귀엽다,키우는데,강아지,저희,1
138998,이거지롱,0.5806146768652412,0,159,16296,14773.11,56.32911392405063,123234.87658227848,8794.260886075948,159,1932,14773.11,1237,zz01****,넘,귀여워요,귀엽다,키우는데,강아지,저희,1
