id,title,5th,10th,first_positive_5,second_view_1,third_rating_people_5,first_positive_5_mean,second_view_1_mean,third_rating_people_5_mean,positive,view,rating_people,comment_writer_count,comment_writer,pos_keyword_1,pos_keyword_2,pos_keyword_3,neg_keyword_1,neg_keyword_2,neg_keyword_3,label
160462,이거지롱,0.5867765405234288,0,54,3021,6928.81,56.32911392405063,123234.87658227848,8794.260886075948,140,3021,8251.2,402,zzyu****,정주행,귀여워요,별이,왜,어린왕자,뭔가,1
160462,이거지롱,0.5867765405234288,0,54,3021,6928.81,56.32911392405063,123234.87658227848,8794.260886075948,58,1598,7447.240000000001,402,zzyu****,정주행,귀여워요,별이,왜,어린왕자,뭔가,1
160462,이거지롱,0.5867765405234288,0,54,3021,6928.81,56.32911392405063,123234.87658227848,8794.260886075948,85,680,6930.56,402,zzyu****,정주행,귀여워요,별이,왜,어린왕자,뭔가,1
160462,이거지롱,0.5867765405234288,0,54,3021,6928.81,56.32911392405063,123234.87658227848,8794.260886075948,69,494,6981.52,402,zzyu****,정주행,귀여워요,별이,왜,어린왕자,뭔가,1
160462,이거지롱,0.5867765405234288,0,54,3021,6928.81,56.32911392405063,123234.87658227848,8794.260886075948,54,393,6928.81,402,zzyu****,정주행,귀여워요,별이,왜,어린왕자,뭔가,1
