id,title,5th,10th,first_positive_5,second_view_1,third_rating_people_5,first_positive_5_mean,second_view_1_mean,third_rating_people_5_mean,positive,view,rating_people,comment_writer_count,comment_writer,pos_keyword_1,pos_keyword_2,pos_keyword_3,neg_keyword_1,neg_keyword_2,neg_keyword_3,label
144503,이거지롱,0.5998332176947787,0,57,1341,3560.85,56.32911392405063,123234.87658227848,8794.260886075948,78,1341,3930.49,653,zxcz****,우와,웹툰,오,왜,뭐,그리고,1
144503,이거지롱,0.5998332176947787,0,57,1341,3560.85,56.32911392405063,123234.87658227848,8794.260886075948,113,962,4145.2,653,zxcz****,우와,웹툰,오,왜,뭐,그리고,1
144503,이거지롱,0.5998332176947787,0,57,1341,3560.85,56.32911392405063,123234.87658227848,8794.260886075948,67,322,3453.58,653,zxcz****,우와,웹툰,오,왜,뭐,그리고,1
144503,이거지롱,0.5998332176947787,0,57,1341,3560.85,56.32911392405063,123234.87658227848,8794.260886075948,89,88,4135.56,653,zxcz****,우와,웹툰,오,왜,뭐,그리고,1
144503,이거지롱,0.5998332176947787,0,57,1341,3560.85,56.32911392405063,123234.87658227848,8794.260886075948,57,59,3560.85,653,zxcz****,우와,웹툰,오,왜,뭐,그리고,1
