id,title,5th,10th,first_positive_5,second_view_1,third_rating_people_5,first_positive_5_mean,second_view_1_mean,third_rating_people_5_mean,positive,view,rating_people,comment_writer_count,comment_writer,pos_keyword_1,pos_keyword_2,pos_keyword_3,neg_keyword_1,neg_keyword_2,neg_keyword_3,label
124079,이거지롱,0.6554571445834203,0,60,1169,5881.83,56.32911392405063,123234.87658227848,8794.260886075948,227,1169,8530.6,871,zzyu****,우왕,재밌어요,우와,우산으로,이게,왜,1
124079,이거지롱,0.6554571445834203,0,60,1169,5881.83,56.32911392405063,123234.87658227848,8794.260886075948,153,704,7156.26,871,zzyu****,우왕,재밌어요,우와,우산으로,이게,왜,1
124079,이거지롱,0.6554571445834203,0,60,1169,5881.83,56.32911392405063,123234.87658227848,8794.260886075948,84,637,6372.04,871,zzyu****,우왕,재밌어요,우와,우산으로,이게,왜,1
124079,이거지롱,0.6554571445834203,0,60,1169,5881.83,56.32911392405063,123234.87658227848,8794.260886075948,89,656,6504.1,871,zzyu****,우왕,재밌어요,우와,우산으로,이게,왜,1
124079,이거지롱,0.6554571445834203,0,60,1169,5881.83,56.32911392405063,123234.87658227848,8794.260886075948,60,572,5881.83,871,zzyu****,우왕,재밌어요,우와,우산으로,이게,왜,1
