id,title,5th,10th,first_positive_5,second_view_1,third_rating_people_5,first_positive_5_mean,second_view_1_mean,third_rating_people_5_mean,positive,view,rating_people,comment_writer_count,comment_writer,pos_keyword_1,pos_keyword_2,pos_keyword_3,neg_keyword_1,neg_keyword_2,neg_keyword_3,label
154272,이거지롱,0.5368396249183889,0,10,158,894.66,56.32911392405063,123234.87658227848,8794.260886075948,30,158,1560.0600000000002,148,zse4****,웹툰,삼촌,좋네요,만화가,아직도,이봐,1
154272,이거지롱,0.5368396249183889,0,10,158,894.66,56.32911392405063,123234.87658227848,8794.260886075948,27,83,1326.1799999999998,148,zse4****,웹툰,삼촌,좋네요,만화가,아직도,이봐,1
154272,이거지롱,0.5368396249183889,0,10,158,894.66,56.32911392405063,123234.87658227848,8794.260886075948,36,38,1611.6,148,zse4****,웹툰,삼촌,좋네요,만화가,아직도,이봐,1
154272,이거지롱,0.5368396249183889,0,10,158,894.66,56.32911392405063,123234.87658227848,8794.260886075948,20,28,1252.5600000000002,148,zse4****,웹툰,삼촌,좋네요,만화가,아직도,이봐,1
154272,이거지롱,0.5368396249183889,0,10,158,894.66,56.32911392405063,123234.87658227848,8794.260886075948,10,31,894.66,148,zse4****,웹툰,삼촌,좋네요,만화가,아직도,이봐,1
