id,title,5th,10th,first_positive_5,second_view_1,third_rating_people_5,first_positive_5_mean,second_view_1_mean,third_rating_people_5_mean,positive,view,rating_people,comment_writer_count,comment_writer,pos_keyword_1,pos_keyword_2,pos_keyword_3,neg_keyword_1,neg_keyword_2,neg_keyword_3,label
278667,이거지롱,0.6772635699941751,0,288,72877,14542.44,56.32911392405063,123234.87658227848,8794.260886075948,332,72877,18192.63,2228,zzz7****,헐,엄마,자연스럽게,뭐야,있는데,뭔가,1
278667,이거지롱,0.6772635699941751,0,288,72877,14542.44,56.32911392405063,123234.87658227848,8794.260886075948,277,52741,15816.58,2228,zzz7****,헐,엄마,자연스럽게,뭐야,있는데,뭔가,1
278667,이거지롱,0.6772635699941751,0,288,72877,14542.44,56.32911392405063,123234.87658227848,8794.260886075948,255,37848,14762.78,2228,zzz7****,헐,엄마,자연스럽게,뭐야,있는데,뭔가,1
278667,이거지롱,0.6772635699941751,0,288,72877,14542.44,56.32911392405063,123234.87658227848,8794.260886075948,288,28009,15008.35,2228,zzz7****,헐,엄마,자연스럽게,뭐야,있는데,뭔가,1
278667,이거지롱,0.6772635699941751,0,288,72877,14542.44,56.32911392405063,123234.87658227848,8794.260886075948,288,24989,14542.44,2228,zzz7****,헐,엄마,자연스럽게,뭐야,있는데,뭔가,1
