id,title,5th,10th,first_positive_5,second_view_1,third_rating_people_5,first_positive_5_mean,second_view_1_mean,third_rating_people_5_mean,positive,view,rating_people,comment_writer_count,comment_writer,pos_keyword_1,pos_keyword_2,pos_keyword_3,neg_keyword_1,neg_keyword_2,neg_keyword_3,label
288092,이거지롱,0.5871643118335426,0,103,5361,3571.7000000000003,56.32911392405063,123234.87658227848,8794.260886075948,106,5361,4501.56,518,zzun****,재밌어요,도사,재밌네요,뭐야,1화부터,지금까지,1
288092,이거지롱,0.5871643118335426,0,103,5361,3571.7000000000003,56.32911392405063,123234.87658227848,8794.260886075948,88,4264,4253.32,518,zzun****,재밌어요,도사,재밌네요,뭐야,1화부터,지금까지,1
288092,이거지롱,0.5871643118335426,0,103,5361,3571.7000000000003,56.32911392405063,123234.87658227848,8794.260886075948,202,2537,5460.69,518,zzun****,재밌어요,도사,재밌네요,뭐야,1화부터,지금까지,1
288092,이거지롱,0.5871643118335426,0,103,5361,3571.7000000000003,56.32911392405063,123234.87658227848,8794.260886075948,65,1290,3866.28,518,zzun****,재밌어요,도사,재밌네요,뭐야,1화부터,지금까지,1
288092,이거지롱,0.5871643118335426,0,103,5361,3571.7000000000003,56.32911392405063,123234.87658227848,8794.260886075948,103,816,3571.7000000000003,518,zzun****,재밌어요,도사,재밌네요,뭐야,1화부터,지금까지,1
