id,title,5th,10th,first_positive_5,second_view_1,third_rating_people_5,first_positive_5_mean,second_view_1_mean,third_rating_people_5_mean,positive,view,rating_people,comment_writer_count,comment_writer,pos_keyword_1,pos_keyword_2,pos_keyword_3,neg_keyword_1,neg_keyword_2,neg_keyword_3,label
229530,이거지롱,0.6061363832114991,0,155,19273,9202.6,56.32911392405063,123234.87658227848,8794.260886075948,161,19273,10449.0,957,zy36****,귀신이,귀여워,귀엽다,뭐야,줄,뭔가,1
229530,이거지롱,0.6061363832114991,0,155,19273,9202.6,56.32911392405063,123234.87658227848,8794.260886075948,157,12257,9457.56,957,zy36****,귀신이,귀여워,귀엽다,뭐야,줄,뭔가,1
229530,이거지롱,0.6061363832114991,0,155,19273,9202.6,56.32911392405063,123234.87658227848,8794.260886075948,139,10201,9476.9,957,zy36****,귀신이,귀여워,귀엽다,뭐야,줄,뭔가,1
229530,이거지롱,0.6061363832114991,0,155,19273,9202.6,56.32911392405063,123234.87658227848,8794.260886075948,222,9026,9506.089999999998,957,zy36****,귀신이,귀여워,귀엽다,뭐야,줄,뭔가,1
229530,이거지롱,0.6061363832114991,0,155,19273,9202.6,56.32911392405063,123234.87658227848,8794.260886075948,155,8941,9202.6,957,zy36****,귀신이,귀여워,귀엽다,뭐야,줄,뭔가,1
