id,title,5th,10th,first_positive_5,second_view_1,third_rating_people_5,first_positive_5_mean,second_view_1_mean,third_rating_people_5_mean,positive,view,rating_people,comment_writer_count,comment_writer,pos_keyword_1,pos_keyword_2,pos_keyword_3,neg_keyword_1,neg_keyword_2,neg_keyword_3,label
247257,이거지롱,0.6327565397980007,0,45,803,2445.57,56.32911392405063,123234.87658227848,8794.260886075948,23,803,1796.44,383,ziw1****,와,재밌어요,우와,뭐야,나,있는데,1
247257,이거지롱,0.6327565397980007,0,45,803,2445.57,56.32911392405063,123234.87658227848,8794.260886075948,77,932,3642.1,383,ziw1****,와,재밌어요,우와,뭐야,나,있는데,1
247257,이거지롱,0.6327565397980007,0,45,803,2445.57,56.32911392405063,123234.87658227848,8794.260886075948,43,558,2970.29,383,ziw1****,와,재밌어요,우와,뭐야,나,있는데,1
247257,이거지롱,0.6327565397980007,0,45,803,2445.57,56.32911392405063,123234.87658227848,8794.260886075948,56,250,2929.5,383,ziw1****,와,재밌어요,우와,뭐야,나,있는데,1
247257,이거지롱,0.6327565397980007,0,45,803,2445.57,56.32911392405063,123234.87658227848,8794.260886075948,45,135,2445.57,383,ziw1****,와,재밌어요,우와,뭐야,나,있는데,1
