id,title,5th,10th,first_positive_5,second_view_1,third_rating_people_5,first_positive_5_mean,second_view_1_mean,third_rating_people_5_mean,positive,view,rating_people,comment_writer_count,comment_writer,pos_keyword_1,pos_keyword_2,pos_keyword_3,neg_keyword_1,neg_keyword_2,neg_keyword_3,label
280629,이거지롱,0.6760138894363557,0,1335,19570,24852.800000000003,56.32911392405063,123234.87658227848,8794.260886075948,392,19570,26098.24,2868,zzxj****,문아,2000개,빨리,문아,음,왜,1
280629,이거지롱,0.6760138894363557,0,1335,19570,24852.800000000003,56.32911392405063,123234.87658227848,8794.260886075948,377,7749,25453.68,2868,zzxj****,문아,2000개,빨리,문아,음,왜,1
280629,이거지롱,0.6760138894363557,0,1335,19570,24852.800000000003,56.32911392405063,123234.87658227848,8794.260886075948,349,4483,21354.84,2868,zzxj****,문아,2000개,빨리,문아,음,왜,1
280629,이거지롱,0.6760138894363557,0,1335,19570,24852.800000000003,56.32911392405063,123234.87658227848,8794.260886075948,364,3736,23956.13,2868,zzxj****,문아,2000개,빨리,문아,음,왜,1
280629,이거지롱,0.6760138894363557,0,1335,19570,24852.800000000003,56.32911392405063,123234.87658227848,8794.260886075948,1335,4993,24852.800000000003,2868,zzxj****,문아,2000개,빨리,문아,음,왜,1
