id,title,5th,10th,first_positive_5,second_view_1,third_rating_people_5,first_positive_5_mean,second_view_1_mean,third_rating_people_5_mean,positive,view,rating_people,comment_writer_count,comment_writer,pos_keyword_1,pos_keyword_2,pos_keyword_3,neg_keyword_1,neg_keyword_2,neg_keyword_3,label
349085,이거지롱,0.5935963138414054,0,218,25145,21778.2,56.32911392405063,123234.87658227848,8794.260886075948,356,25145,29931.02,1143,zxcr****,정주행,투명드래곤,왜,이게,뭐야,뭔가,1
349085,이거지롱,0.5935963138414054,0,218,25145,21778.2,56.32911392405063,123234.87658227848,8794.260886075948,214,19755,27627.38,1143,zxcr****,정주행,투명드래곤,왜,이게,뭐야,뭔가,1
349085,이거지롱,0.5935963138414054,0,218,25145,21778.2,56.32911392405063,123234.87658227848,8794.260886075948,146,18556,24841.2,1143,zxcr****,정주행,투명드래곤,왜,이게,뭐야,뭔가,1
349085,이거지롱,0.5935963138414054,0,218,25145,21778.2,56.32911392405063,123234.87658227848,8794.260886075948,169,17872,23853.42,1143,zxcr****,정주행,투명드래곤,왜,이게,뭐야,뭔가,1
349085,이거지롱,0.5935963138414054,0,218,25145,21778.2,56.32911392405063,123234.87658227848,8794.260886075948,218,16517,21778.2,1143,zxcr****,정주행,투명드래곤,왜,이게,뭐야,뭔가,1
