id,title,5th,10th,first_positive_5,second_view_1,third_rating_people_5,first_positive_5_mean,second_view_1_mean,third_rating_people_5_mean,positive,view,rating_people,comment_writer_count,comment_writer,pos_keyword_1,pos_keyword_2,pos_keyword_3,neg_keyword_1,neg_keyword_2,neg_keyword_3,label
344808,이거지롱,0.6031578278444475,0,40,2494,6916.099999999999,56.32911392405063,123234.87658227848,8794.260886075948,59,2494,7713.42,289,zunn****,재밌어요,재밌네요,뭔가,난,여대생,어떻게,1
344808,이거지롱,0.6031578278444475,0,40,2494,6916.099999999999,56.32911392405063,123234.87658227848,8794.260886075948,71,1423,7499.38,289,zunn****,재밌어요,재밌네요,뭔가,난,여대생,어떻게,1
344808,이거지롱,0.6031578278444475,0,40,2494,6916.099999999999,56.32911392405063,123234.87658227848,8794.260886075948,121,654,7919.73,289,zunn****,재밌어요,재밌네요,뭔가,난,여대생,어떻게,1
344808,이거지롱,0.6031578278444475,0,40,2494,6916.099999999999,56.32911392405063,123234.87658227848,8794.260886075948,40,311,6981.490000000001,289,zunn****,재밌어요,재밌네요,뭔가,난,여대생,어떻게,1
344808,이거지롱,0.6031578278444475,0,40,2494,6916.099999999999,56.32911392405063,123234.87658227848,8794.260886075948,40,252,6916.099999999999,289,zunn****,재밌어요,재밌네요,뭔가,난,여대생,어떻게,1
