id,title,5th,10th,first_positive_5,second_view_1,third_rating_people_5,first_positive_5_mean,second_view_1_mean,third_rating_people_5_mean,positive,view,rating_people,comment_writer_count,comment_writer,pos_keyword_1,pos_keyword_2,pos_keyword_3,neg_keyword_1,neg_keyword_2,neg_keyword_3,label
320950,이거지롱,0.596048593166205,0,333,27258,14740.32,56.32911392405063,123234.87658227848,8794.260886075948,143,27258,16968.96,1488,zzzz****,앜,웹툰,웹툰으로,그리고,이게,웹툰,1
320950,이거지롱,0.596048593166205,0,333,27258,14740.32,56.32911392405063,123234.87658227848,8794.260886075948,418,18764,14542.4,1488,zzzz****,앜,웹툰,웹툰으로,그리고,이게,웹툰,1
320950,이거지롱,0.596048593166205,0,333,27258,14740.32,56.32911392405063,123234.87658227848,8794.260886075948,314,11052,18615.68,1488,zzzz****,앜,웹툰,웹툰으로,그리고,이게,웹툰,1
320950,이거지롱,0.596048593166205,0,333,27258,14740.32,56.32911392405063,123234.87658227848,8794.260886075948,259,7673,12916.6,1488,zzzz****,앜,웹툰,웹툰으로,그리고,이게,웹툰,1
320950,이거지롱,0.596048593166205,0,333,27258,14740.32,56.32911392405063,123234.87658227848,8794.260886075948,333,8025,14740.32,1488,zzzz****,앜,웹툰,웹툰으로,그리고,이게,웹툰,1
