id,title,5th,10th,first_positive_5,second_view_1,third_rating_people_5,first_positive_5_mean,second_view_1_mean,third_rating_people_5_mean,positive,view,rating_people,comment_writer_count,comment_writer,pos_keyword_1,pos_keyword_2,pos_keyword_3,neg_keyword_1,neg_keyword_2,neg_keyword_3,label
346422,이거지롱,0.6145535446164802,0,22,4122,2900.3,56.32911392405063,123234.87658227848,8794.260886075948,63,4122,3452.4,119,zxca****,콜롬비아,스페인어,우와,헉,고산,지대,1
346422,이거지롱,0.6145535446164802,0,22,4122,2900.3,56.32911392405063,123234.87658227848,8794.260886075948,22,3391,3478.71,119,zxca****,콜롬비아,스페인어,우와,헉,고산,지대,1
346422,이거지롱,0.6145535446164802,0,22,4122,2900.3,56.32911392405063,123234.87658227848,8794.260886075948,29,3078,3470.0400000000004,119,zxca****,콜롬비아,스페인어,우와,헉,고산,지대,1
346422,이거지롱,0.6145535446164802,0,22,4122,2900.3,56.32911392405063,123234.87658227848,8794.260886075948,28,3045,3315.45,119,zxca****,콜롬비아,스페인어,우와,헉,고산,지대,1
346422,이거지롱,0.6145535446164802,0,22,4122,2900.3,56.32911392405063,123234.87658227848,8794.260886075948,22,2812,2900.3,119,zxca****,콜롬비아,스페인어,우와,헉,고산,지대,1
