id,title,5th,10th,first_positive_5,second_view_1,third_rating_people_5,first_positive_5_mean,second_view_1_mean,third_rating_people_5_mean,positive,view,rating_people,comment_writer_count,comment_writer,pos_keyword_1,pos_keyword_2,pos_keyword_3,neg_keyword_1,neg_keyword_2,neg_keyword_3,label
319293,이거지롱,0.6119520624501219,0,92,64041,19503.08,56.32911392405063,123234.87658227848,8794.260886075948,114,64041,23334.65,555,zxtj****,정주행,강아지,별점,뭔가,그림체도,이건,1
319293,이거지롱,0.6119520624501219,0,92,64041,19503.08,56.32911392405063,123234.87658227848,8794.260886075948,43,43485,19296.29,555,zxtj****,정주행,강아지,별점,뭔가,그림체도,이건,1
319293,이거지롱,0.6119520624501219,0,92,64041,19503.08,56.32911392405063,123234.87658227848,8794.260886075948,119,30813,35476.28,555,zxtj****,정주행,강아지,별점,뭔가,그림체도,이건,1
319293,이거지롱,0.6119520624501219,0,92,64041,19503.08,56.32911392405063,123234.87658227848,8794.260886075948,66,32080,22372.34,555,zxtj****,정주행,강아지,별점,뭔가,그림체도,이건,1
319293,이거지롱,0.6119520624501219,0,92,64041,19503.08,56.32911392405063,123234.87658227848,8794.260886075948,92,23824,19503.08,555,zxtj****,정주행,강아지,별점,뭔가,그림체도,이건,1
