id,title,5th,10th,first_positive_5,second_view_1,third_rating_people_5,first_positive_5_mean,second_view_1_mean,third_rating_people_5_mean,positive,view,rating_people,comment_writer_count,comment_writer,pos_keyword_1,pos_keyword_2,pos_keyword_3,neg_keyword_1,neg_keyword_2,neg_keyword_3,label
340152,이거지롱,0.6615474022876083,0,113,4020,15710.62,56.32911392405063,123234.87658227848,8794.260886075948,148,4020,17165.82,717,zzx9****,정주행,그림체,우와,다시,뭔가,날개를,1
340152,이거지롱,0.6615474022876083,0,113,4020,15710.62,56.32911392405063,123234.87658227848,8794.260886075948,74,1692,15295.25,717,zzx9****,정주행,그림체,우와,다시,뭔가,날개를,1
340152,이거지롱,0.6615474022876083,0,113,4020,15710.62,56.32911392405063,123234.87658227848,8794.260886075948,158,825,15623.52,717,zzx9****,정주행,그림체,우와,다시,뭔가,날개를,1
340152,이거지롱,0.6615474022876083,0,113,4020,15710.62,56.32911392405063,123234.87658227848,8794.260886075948,64,575,15733.4,717,zzx9****,정주행,그림체,우와,다시,뭔가,날개를,1
340152,이거지롱,0.6615474022876083,0,113,4020,15710.62,56.32911392405063,123234.87658227848,8794.260886075948,113,338,15710.62,717,zzx9****,정주행,그림체,우와,다시,뭔가,날개를,1
