id,title,5th,10th,first_positive_5,second_view_1,third_rating_people_5,first_positive_5_mean,second_view_1_mean,third_rating_people_5_mean,positive,view,rating_people,comment_writer_count,comment_writer,pos_keyword_1,pos_keyword_2,pos_keyword_3,neg_keyword_1,neg_keyword_2,neg_keyword_3,label
476758,이거지롱,0.5875742299744027,0,269,4375,28566.72,56.32911392405063,123234.87658227848,8794.260886075948,335,4375,33442.71,1342,zzii****,정주행,대박,헐,이게,골든왈츠,뭔가,1
476758,이거지롱,0.5875742299744027,0,269,4375,28566.72,56.32911392405063,123234.87658227848,8794.260886075948,112,1597,28811.52,1342,zzii****,정주행,대박,헐,이게,골든왈츠,뭔가,1
476758,이거지롱,0.5875742299744027,0,269,4375,28566.72,56.32911392405063,123234.87658227848,8794.260886075948,155,582,28655.41,1342,zzii****,정주행,대박,헐,이게,골든왈츠,뭔가,1
476758,이거지롱,0.5875742299744027,0,269,4375,28566.72,56.32911392405063,123234.87658227848,8794.260886075948,329,350,29204.000000000004,1342,zzii****,정주행,대박,헐,이게,골든왈츠,뭔가,1
476758,이거지롱,0.5875742299744027,0,269,4375,28566.72,56.32911392405063,123234.87658227848,8794.260886075948,269,593,28566.72,1342,zzii****,정주행,대박,헐,이게,골든왈츠,뭔가,1
