id,title,5th,10th,first_positive_5,second_view_1,third_rating_people_5,first_positive_5_mean,second_view_1_mean,third_rating_people_5_mean,positive,view,rating_people,comment_writer_count,comment_writer,pos_keyword_1,pos_keyword_2,pos_keyword_3,neg_keyword_1,neg_keyword_2,neg_keyword_3,label
482214,이거지롱,0.5881893287634169,0,93,5213,6593.7300000000005,56.32911392405063,123234.87658227848,8794.260886075948,132,5213,8503.02,623,zzzk****,솔라보이,완전,재밌어요,왜,뭔가,상어가,1
482214,이거지롱,0.5881893287634169,0,93,5213,6593.7300000000005,56.32911392405063,123234.87658227848,8794.260886075948,106,4783,7488.4,623,zzzk****,솔라보이,완전,재밌어요,왜,뭔가,상어가,1
482214,이거지롱,0.5881893287634169,0,93,5213,6593.7300000000005,56.32911392405063,123234.87658227848,8794.260886075948,95,2250,6772.48,623,zzzk****,솔라보이,완전,재밌어요,왜,뭔가,상어가,1
482214,이거지롱,0.5881893287634169,0,93,5213,6593.7300000000005,56.32911392405063,123234.87658227848,8794.260886075948,111,705,6375.6,623,zzzk****,솔라보이,완전,재밌어요,왜,뭔가,상어가,1
482214,이거지롱,0.5881893287634169,0,93,5213,6593.7300000000005,56.32911392405063,123234.87658227848,8794.260886075948,93,511,6593.7300000000005,623,zzzk****,솔라보이,완전,재밌어요,왜,뭔가,상어가,1
