id,title,5th,10th,first_positive_5,second_view_1,third_rating_people_5,first_positive_5_mean,second_view_1_mean,third_rating_people_5_mean,positive,view,rating_people,comment_writer_count,comment_writer,pos_keyword_1,pos_keyword_2,pos_keyword_3,neg_keyword_1,neg_keyword_2,neg_keyword_3,label
483819,이거지롱,0.60890466042835,0,67,5892,3529.55,56.32911392405063,123234.87658227848,8794.260886075948,56,5892,4792.200000000001,379,zyzh****,웹툰,만화,웹툰으로,사자가,호랑이가,사자는,1
483819,이거지롱,0.60890466042835,0,67,5892,3529.55,56.32911392405063,123234.87658227848,8794.260886075948,75,5406,5448.8,379,zyzh****,웹툰,만화,웹툰으로,사자가,호랑이가,사자는,1
483819,이거지롱,0.60890466042835,0,67,5892,3529.55,56.32911392405063,123234.87658227848,8794.260886075948,83,3800,4782.240000000001,379,zyzh****,웹툰,만화,웹툰으로,사자가,호랑이가,사자는,1
483819,이거지롱,0.60890466042835,0,67,5892,3529.55,56.32911392405063,123234.87658227848,8794.260886075948,71,1858,4606.0,379,zyzh****,웹툰,만화,웹툰으로,사자가,호랑이가,사자는,1
483819,이거지롱,0.60890466042835,0,67,5892,3529.55,56.32911392405063,123234.87658227848,8794.260886075948,67,1849,3529.55,379,zyzh****,웹툰,만화,웹툰으로,사자가,호랑이가,사자는,1
