id,title,5th,10th,first_positive_5,second_view_1,third_rating_people_5,first_positive_5_mean,second_view_1_mean,third_rating_people_5_mean,positive,view,rating_people,comment_writer_count,comment_writer,pos_keyword_1,pos_keyword_2,pos_keyword_3,neg_keyword_1,neg_keyword_2,neg_keyword_3,label
487693,이거지롱,0.6882629230894763,0,160,23499,33048.46,56.32911392405063,123234.87658227848,8794.260886075948,562,23499,42216.17,1747,zzzz****,정주행,오,헐,이게,왜,뭔가,1
487693,이거지롱,0.6882629230894763,0,160,23499,33048.46,56.32911392405063,123234.87658227848,8794.260886075948,207,15564,37581.14,1747,zzzz****,정주행,오,헐,이게,왜,뭔가,1
487693,이거지롱,0.6882629230894763,0,160,23499,33048.46,56.32911392405063,123234.87658227848,8794.260886075948,109,10527,35181.57,1747,zzzz****,정주행,오,헐,이게,왜,뭔가,1
487693,이거지롱,0.6882629230894763,0,160,23499,33048.46,56.32911392405063,123234.87658227848,8794.260886075948,105,7231,33038.63,1747,zzzz****,정주행,오,헐,이게,왜,뭔가,1
487693,이거지롱,0.6882629230894763,0,160,23499,33048.46,56.32911392405063,123234.87658227848,8794.260886075948,160,5455,33048.46,1747,zzzz****,정주행,오,헐,이게,왜,뭔가,1
