id,title,5th,10th,first_positive_5,second_view_1,third_rating_people_5,first_positive_5_mean,second_view_1_mean,third_rating_people_5_mean,positive,view,rating_people,comment_writer_count,comment_writer,pos_keyword_1,pos_keyword_2,pos_keyword_3,neg_keyword_1,neg_keyword_2,neg_keyword_3,label
489585,이거지롱,0.7490309585239595,0,442,22329,75148.08,56.32911392405063,123234.87658227848,8794.260886075948,475,22329,39627.34,3865,zzza****,리메이크,신룡의,그냥,리메이크,뭔가,그냥,1
489585,이거지롱,0.7490309585239595,0,442,22329,75148.08,56.32911392405063,123234.87658227848,8794.260886075948,698,14741,76235.87999999999,3865,zzza****,리메이크,신룡의,그냥,리메이크,뭔가,그냥,1
489585,이거지롱,0.7490309585239595,0,442,22329,75148.08,56.32911392405063,123234.87658227848,8794.260886075948,952,8039,76999.86,3865,zzza****,리메이크,신룡의,그냥,리메이크,뭔가,그냥,1
489585,이거지롱,0.7490309585239595,0,442,22329,75148.08,56.32911392405063,123234.87658227848,8794.260886075948,672,3709,75767.40000000001,3865,zzza****,리메이크,신룡의,그냥,리메이크,뭔가,그냥,1
489585,이거지롱,0.7490309585239595,0,442,22329,75148.08,56.32911392405063,123234.87658227848,8794.260886075948,442,1886,75148.08,3865,zzza****,리메이크,신룡의,그냥,리메이크,뭔가,그냥,1
