id,title,5th,10th,first_positive_5,second_view_1,third_rating_people_5,first_positive_5_mean,second_view_1_mean,third_rating_people_5_mean,positive,view,rating_people,comment_writer_count,comment_writer,pos_keyword_1,pos_keyword_2,pos_keyword_3,neg_keyword_1,neg_keyword_2,neg_keyword_3,label
448290,이거지롱,0.6587274301330107,0,88,12989,9377.52,56.32911392405063,123234.87658227848,8794.260886075948,241,12989,13003.98,764,zzyu****,귀여워,귀여워요,재밌어요,왜,왠지,오렌지,1
448290,이거지롱,0.6587274301330107,0,88,12989,9377.52,56.32911392405063,123234.87658227848,8794.260886075948,69,6847,10492.98,764,zzyu****,귀여워,귀여워요,재밌어요,왜,왠지,오렌지,1
448290,이거지롱,0.6587274301330107,0,88,12989,9377.52,56.32911392405063,123234.87658227848,8794.260886075948,170,3994,10695.04,764,zzyu****,귀여워,귀여워요,재밌어요,왜,왠지,오렌지,1
448290,이거지롱,0.6587274301330107,0,88,12989,9377.52,56.32911392405063,123234.87658227848,8794.260886075948,118,2879,9378.1,764,zzyu****,귀여워,귀여워요,재밌어요,왜,왠지,오렌지,1
448290,이거지롱,0.6587274301330107,0,88,12989,9377.52,56.32911392405063,123234.87658227848,8794.260886075948,88,2736,9377.52,764,zzyu****,귀여워,귀여워요,재밌어요,왜,왠지,오렌지,1
