id,title,5th,10th,first_positive_5,second_view_1,third_rating_people_5,first_positive_5_mean,second_view_1_mean,third_rating_people_5_mean,positive,view,rating_people,comment_writer_count,comment_writer,pos_keyword_1,pos_keyword_2,pos_keyword_3,neg_keyword_1,neg_keyword_2,neg_keyword_3,label
531366,이거지롱,0.7092387812231166,0,147,4796,17289.14,56.32911392405063,123234.87658227848,8794.260886075948,209,4796,18739.98,701,zxcv****,그림체,좋아요,와,이게,왜,뭔가,1
531366,이거지롱,0.7092387812231166,0,147,4796,17289.14,56.32911392405063,123234.87658227848,8794.260886075948,88,2049,17650.22,701,zxcv****,그림체,좋아요,와,이게,왜,뭔가,1
531366,이거지롱,0.7092387812231166,0,147,4796,17289.14,56.32911392405063,123234.87658227848,8794.260886075948,229,676,19832.32,701,zxcv****,그림체,좋아요,와,이게,왜,뭔가,1
531366,이거지롱,0.7092387812231166,0,147,4796,17289.14,56.32911392405063,123234.87658227848,8794.260886075948,151,222,17304.48,701,zxcv****,그림체,좋아요,와,이게,왜,뭔가,1
531366,이거지롱,0.7092387812231166,0,147,4796,17289.14,56.32911392405063,123234.87658227848,8794.260886075948,147,129,17289.14,701,zxcv****,그림체,좋아요,와,이게,왜,뭔가,1
