id,title,5th,10th,first_positive_5,second_view_1,third_rating_people_5,first_positive_5_mean,second_view_1_mean,third_rating_people_5_mean,positive,view,rating_people,comment_writer_count,comment_writer,pos_keyword_1,pos_keyword_2,pos_keyword_3,neg_keyword_1,neg_keyword_2,neg_keyword_3,label
500354,이거지롱,0.6672589204781041,0,176,30889,13585.06,56.32911392405063,123234.87658227848,8794.260886075948,103,30889,12841.14,368,zzwj****,땅콩들,잘보고있어요,재밌어요,치인트,말없었으면,우는거,1
500354,이거지롱,0.6672589204781041,0,176,30889,13585.06,56.32911392405063,123234.87658227848,8794.260886075948,73,24886,12586.23,368,zzwj****,땅콩들,잘보고있어요,재밌어요,치인트,말없었으면,우는거,1
500354,이거지롱,0.6672589204781041,0,176,30889,13585.06,56.32911392405063,123234.87658227848,8794.260886075948,66,23671,12217.919999999998,368,zzwj****,땅콩들,잘보고있어요,재밌어요,치인트,말없었으면,우는거,1
500354,이거지롱,0.6672589204781041,0,176,30889,13585.06,56.32911392405063,123234.87658227848,8794.260886075948,69,21750,12458.7,368,zzwj****,땅콩들,잘보고있어요,재밌어요,치인트,말없었으면,우는거,1
500354,이거지롱,0.6672589204781041,0,176,30889,13585.06,56.32911392405063,123234.87658227848,8794.260886075948,176,20605,13585.06,368,zzwj****,땅콩들,잘보고있어요,재밌어요,치인트,말없었으면,우는거,1
