id,title,5th,10th,first_positive_5,second_view_1,third_rating_people_5,first_positive_5_mean,second_view_1_mean,third_rating_people_5_mean,positive,view,rating_people,comment_writer_count,comment_writer,pos_keyword_1,pos_keyword_2,pos_keyword_3,neg_keyword_1,neg_keyword_2,neg_keyword_3,label
58456,이거지롱,0.5893374738845564,0,175,11817,19856.04,56.32911392405063,123234.87658227848,8794.260886075948,125,11817,21003.210000000003,799,zsx8****,무가,마왕,정주행,심심한,마왕,마왕의,1
58456,이거지롱,0.5893374738845564,0,175,11817,19856.04,56.32911392405063,123234.87658227848,8794.260886075948,113,8784,20141.67,799,zsx8****,무가,마왕,정주행,심심한,마왕,마왕의,1
58456,이거지롱,0.5893374738845564,0,175,11817,19856.04,56.32911392405063,123234.87658227848,8794.260886075948,46,8052,19178.16,799,zsx8****,무가,마왕,정주행,심심한,마왕,마왕의,1
58456,이거지롱,0.5893374738845564,0,175,11817,19856.04,56.32911392405063,123234.87658227848,8794.260886075948,103,7660,18990.36,799,zsx8****,무가,마왕,정주행,심심한,마왕,마왕의,1
58456,이거지롱,0.5893374738845564,0,175,11817,19856.04,56.32911392405063,123234.87658227848,8794.260886075948,175,7227,19856.04,799,zsx8****,무가,마왕,정주행,심심한,마왕,마왕의,1
