id,title,5th,10th,first_positive_5,second_view_1,third_rating_people_5,first_positive_5_mean,second_view_1_mean,third_rating_people_5_mean,positive,view,rating_people,comment_writer_count,comment_writer,pos_keyword_1,pos_keyword_2,pos_keyword_3,neg_keyword_1,neg_keyword_2,neg_keyword_3,label
587799,이거지롱,0.5960537767280939,0,9,2690,2176.48,56.32911392405063,123234.87658227848,8794.260886075948,16,2690,2567.6000000000004,61,yulh****,좋네요,좋아요,재밌어요,쓰는,있는데,그리고,1
587799,이거지롱,0.5960537767280939,0,9,2690,2176.48,56.32911392405063,123234.87658227848,8794.260886075948,11,2273,2534.3100000000004,61,yulh****,좋네요,좋아요,재밌어요,쓰는,있는데,그리고,1
587799,이거지롱,0.5960537767280939,0,9,2690,2176.48,56.32911392405063,123234.87658227848,8794.260886075948,14,888,2524.6000000000004,61,yulh****,좋네요,좋아요,재밌어요,쓰는,있는데,그리고,1
587799,이거지롱,0.5960537767280939,0,9,2690,2176.48,56.32911392405063,123234.87658227848,8794.260886075948,6,378,2102.31,61,yulh****,좋네요,좋아요,재밌어요,쓰는,있는데,그리고,1
587799,이거지롱,0.5960537767280939,0,9,2690,2176.48,56.32911392405063,123234.87658227848,8794.260886075948,9,225,2176.48,61,yulh****,좋네요,좋아요,재밌어요,쓰는,있는데,그리고,1
