id,title,5th,10th,first_positive_5,second_view_1,third_rating_people_5,first_positive_5_mean,second_view_1_mean,third_rating_people_5_mean,positive,view,rating_people,comment_writer_count,comment_writer,pos_keyword_1,pos_keyword_2,pos_keyword_3,neg_keyword_1,neg_keyword_2,neg_keyword_3,label
58149,이거지롱,0.4895067813828043,0,28,1324,3403.9999999999995,56.32911392405063,123234.87658227848,8794.260886075948,57,1324,3582.67,398,zzmz****,별,재밌어요,5개,음,바쿠만,그려,1
58149,이거지롱,0.4895067813828043,0,28,1324,3403.9999999999995,56.32911392405063,123234.87658227848,8794.260886075948,75,538,5621.070000000001,398,zzmz****,별,재밌어요,5개,음,바쿠만,그려,1
58149,이거지롱,0.4895067813828043,0,28,1324,3403.9999999999995,56.32911392405063,123234.87658227848,8794.260886075948,45,378,5015.07,398,zzmz****,별,재밌어요,5개,음,바쿠만,그려,1
58149,이거지롱,0.4895067813828043,0,28,1324,3403.9999999999995,56.32911392405063,123234.87658227848,8794.260886075948,52,335,5740.9,398,zzmz****,별,재밌어요,5개,음,바쿠만,그려,1
58149,이거지롱,0.4895067813828043,0,28,1324,3403.9999999999995,56.32911392405063,123234.87658227848,8794.260886075948,28,310,3403.9999999999995,398,zzmz****,별,재밌어요,5개,음,바쿠만,그려,1
