id,title,5th,10th,first_positive_5,second_view_1,third_rating_people_5,first_positive_5_mean,second_view_1_mean,third_rating_people_5_mean,positive,view,rating_people,comment_writer_count,comment_writer,pos_keyword_1,pos_keyword_2,pos_keyword_3,neg_keyword_1,neg_keyword_2,neg_keyword_3,label
516775,이거지롱,0.6267397483666887,0,135,850,12929.7,56.32911392405063,123234.87658227848,8794.260886075948,260,850,21167.65,868,zzzk****,와,우와,재밌어요,알고,있는데,이게,1
516775,이거지롱,0.6267397483666887,0,135,850,12929.7,56.32911392405063,123234.87658227848,8794.260886075948,139,539,16796.88,868,zzzk****,와,우와,재밌어요,알고,있는데,이게,1
516775,이거지롱,0.6267397483666887,0,135,850,12929.7,56.32911392405063,123234.87658227848,8794.260886075948,127,158,14247.7,868,zzzk****,와,우와,재밌어요,알고,있는데,이게,1
516775,이거지롱,0.6267397483666887,0,135,850,12929.7,56.32911392405063,123234.87658227848,8794.260886075948,95,93,13100.88,868,zzzk****,와,우와,재밌어요,알고,있는데,이게,1
516775,이거지롱,0.6267397483666887,0,135,850,12929.7,56.32911392405063,123234.87658227848,8794.260886075948,135,88,12929.7,868,zzzk****,와,우와,재밌어요,알고,있는데,이게,1
