id,title,5th,10th,first_positive_5,second_view_1,third_rating_people_5,first_positive_5_mean,second_view_1_mean,third_rating_people_5_mean,positive,view,rating_people,comment_writer_count,comment_writer,pos_keyword_1,pos_keyword_2,pos_keyword_3,neg_keyword_1,neg_keyword_2,neg_keyword_3,label
533637,이거지롱,0.6824226199596121,0,73,14048,10362.86,56.32911392405063,123234.87658227848,8794.260886075948,106,14048,15240.490000000002,775,zzan****,앜,좋아요,울고,왜,이게,난,1
533637,이거지롱,0.6824226199596121,0,73,14048,10362.86,56.32911392405063,123234.87658227848,8794.260886075948,57,8307,11778.48,775,zzan****,앜,좋아요,울고,왜,이게,난,1
533637,이거지롱,0.6824226199596121,0,73,14048,10362.86,56.32911392405063,123234.87658227848,8794.260886075948,53,3309,11691.95,775,zzan****,앜,좋아요,울고,왜,이게,난,1
533637,이거지롱,0.6824226199596121,0,73,14048,10362.86,56.32911392405063,123234.87658227848,8794.260886075948,78,1524,10798.84,775,zzan****,앜,좋아요,울고,왜,이게,난,1
533637,이거지롱,0.6824226199596121,0,73,14048,10362.86,56.32911392405063,123234.87658227848,8794.260886075948,73,727,10362.86,775,zzan****,앜,좋아요,울고,왜,이게,난,1
