id,title,5th,10th,first_positive_5,second_view_1,third_rating_people_5,first_positive_5_mean,second_view_1_mean,third_rating_people_5_mean,positive,view,rating_people,comment_writer_count,comment_writer,pos_keyword_1,pos_keyword_2,pos_keyword_3,neg_keyword_1,neg_keyword_2,neg_keyword_3,label
517656,이거지롱,0.5928212849696695,0,45,15110,10354.240000000002,56.32911392405063,123234.87658227848,8794.260886075948,71,15110,11263.04,442,zxcv****,재밌다,오,우와,왜,뭔가,메이드가,1
517656,이거지롱,0.5928212849696695,0,45,15110,10354.240000000002,56.32911392405063,123234.87658227848,8794.260886075948,57,6380,10761.57,442,zxcv****,재밌다,오,우와,왜,뭔가,메이드가,1
517656,이거지롱,0.5928212849696695,0,45,15110,10354.240000000002,56.32911392405063,123234.87658227848,8794.260886075948,28,1982,10508.27,442,zxcv****,재밌다,오,우와,왜,뭔가,메이드가,1
517656,이거지롱,0.5928212849696695,0,45,15110,10354.240000000002,56.32911392405063,123234.87658227848,8794.260886075948,31,2829,10518.96,442,zxcv****,재밌다,오,우와,왜,뭔가,메이드가,1
517656,이거지롱,0.5928212849696695,0,45,15110,10354.240000000002,56.32911392405063,123234.87658227848,8794.260886075948,45,1129,10354.240000000002,442,zxcv****,재밌다,오,우와,왜,뭔가,메이드가,1
