id,title,5th,10th,first_positive_5,second_view_1,third_rating_people_5,first_positive_5_mean,second_view_1_mean,third_rating_people_5_mean,positive,view,rating_people,comment_writer_count,comment_writer,pos_keyword_1,pos_keyword_2,pos_keyword_3,neg_keyword_1,neg_keyword_2,neg_keyword_3,label
575581,이거지롱,0.6882629230894763,0,60,5038,28460.25,56.32911392405063,123234.87658227848,8794.260886075948,128,5038,24164.94,851,zyzk****,그림체,왜,만화,뭔가,왜,내여귀,1
575581,이거지롱,0.6882629230894763,0,60,5038,28460.25,56.32911392405063,123234.87658227848,8794.260886075948,72,1999,22731.11,851,zyzk****,그림체,왜,만화,뭔가,왜,내여귀,1
575581,이거지롱,0.6882629230894763,0,60,5038,28460.25,56.32911392405063,123234.87658227848,8794.260886075948,113,609,23858.34,851,zyzk****,그림체,왜,만화,뭔가,왜,내여귀,1
575581,이거지롱,0.6882629230894763,0,60,5038,28460.25,56.32911392405063,123234.87658227848,8794.260886075948,59,242,28138.08,851,zyzk****,그림체,왜,만화,뭔가,왜,내여귀,1
575581,이거지롱,0.6882629230894763,0,60,5038,28460.25,56.32911392405063,123234.87658227848,8794.260886075948,60,132,28460.25,851,zyzk****,그림체,왜,만화,뭔가,왜,내여귀,1
