id,title,5th,10th,first_positive_5,second_view_1,third_rating_people_5,first_positive_5_mean,second_view_1_mean,third_rating_people_5_mean,positive,view,rating_people,comment_writer_count,comment_writer,pos_keyword_1,pos_keyword_2,pos_keyword_3,neg_keyword_1,neg_keyword_2,neg_keyword_3,label
501869,이거지롱,0.5525013061798987,0,70,69657,22227.24,56.32911392405063,123234.87658227848,8794.260886075948,64,69657,20957.56,685,zzim****,그림체,우와,그림체가,제주도,이게,나,1
501869,이거지롱,0.5525013061798987,0,70,69657,22227.24,56.32911392405063,123234.87658227848,8794.260886075948,74,43118,19690.15,685,zzim****,그림체,우와,그림체가,제주도,이게,나,1
501869,이거지롱,0.5525013061798987,0,70,69657,22227.24,56.32911392405063,123234.87658227848,8794.260886075948,51,33158,20556.95,685,zzim****,그림체,우와,그림체가,제주도,이게,나,1
501869,이거지롱,0.5525013061798987,0,70,69657,22227.24,56.32911392405063,123234.87658227848,8794.260886075948,174,29532,21220.5,685,zzim****,그림체,우와,그림체가,제주도,이게,나,1
501869,이거지롱,0.5525013061798987,0,70,69657,22227.24,56.32911392405063,123234.87658227848,8794.260886075948,70,27585,22227.24,685,zzim****,그림체,우와,그림체가,제주도,이게,나,1
