id,title,5th,10th,first_positive_5,second_view_1,third_rating_people_5,first_positive_5_mean,second_view_1_mean,third_rating_people_5_mean,positive,view,rating_people,comment_writer_count,comment_writer,pos_keyword_1,pos_keyword_2,pos_keyword_3,neg_keyword_1,neg_keyword_2,neg_keyword_3,label
581780,이거지롱,0.510727769086547,0,14,1448,6691.2,56.32911392405063,123234.87658227848,8794.260886075948,21,1448,8683.73,254,zzan****,재밌어요,오,이건,맞아,같은데,맡아,1
581780,이거지롱,0.510727769086547,0,14,1448,6691.2,56.32911392405063,123234.87658227848,8794.260886075948,75,1481,11178.24,254,zzan****,재밌어요,오,이건,맞아,같은데,맡아,1
581780,이거지롱,0.510727769086547,0,14,1448,6691.2,56.32911392405063,123234.87658227848,8794.260886075948,42,641,9564.84,254,zzan****,재밌어요,오,이건,맞아,같은데,맡아,1
581780,이거지롱,0.510727769086547,0,14,1448,6691.2,56.32911392405063,123234.87658227848,8794.260886075948,44,205,9485.55,254,zzan****,재밌어요,오,이건,맞아,같은데,맡아,1
581780,이거지롱,0.510727769086547,0,14,1448,6691.2,56.32911392405063,123234.87658227848,8794.260886075948,14,98,6691.2,254,zzan****,재밌어요,오,이건,맞아,같은데,맡아,1
