id,title,5th,10th,first_positive_5,second_view_1,third_rating_people_5,first_positive_5_mean,second_view_1_mean,third_rating_people_5_mean,positive,view,rating_people,comment_writer_count,comment_writer,pos_keyword_1,pos_keyword_2,pos_keyword_3,neg_keyword_1,neg_keyword_2,neg_keyword_3,label
553083,이거지롱,0.6621054398645472,0,46,4790,11575.64,56.32911392405063,123234.87658227848,8794.260886075948,35,4790,9067.94,318,zzgk****,그림체,와,완전,디즈니,인어공주,나만,1
553083,이거지롱,0.6621054398645472,0,46,4790,11575.64,56.32911392405063,123234.87658227848,8794.260886075948,57,5730,11780.6,318,zzgk****,그림체,와,완전,디즈니,인어공주,나만,1
553083,이거지롱,0.6621054398645472,0,46,4790,11575.64,56.32911392405063,123234.87658227848,8794.260886075948,63,2134,12162.24,318,zzgk****,그림체,와,완전,디즈니,인어공주,나만,1
553083,이거지롱,0.6621054398645472,0,46,4790,11575.64,56.32911392405063,123234.87658227848,8794.260886075948,79,607,12692.82,318,zzgk****,그림체,와,완전,디즈니,인어공주,나만,1
553083,이거지롱,0.6621054398645472,0,46,4790,11575.64,56.32911392405063,123234.87658227848,8794.260886075948,46,306,11575.64,318,zzgk****,그림체,와,완전,디즈니,인어공주,나만,1
