id,title,5th,10th,first_positive_5,second_view_1,third_rating_people_5,first_positive_5_mean,second_view_1_mean,third_rating_people_5_mean,positive,view,rating_people,comment_writer_count,comment_writer,pos_keyword_1,pos_keyword_2,pos_keyword_3,neg_keyword_1,neg_keyword_2,neg_keyword_3,label
587576,이거지롱,0.7164954498339406,0,225,1226429,100774.79,56.32911392405063,123234.87658227848,8794.260886075948,405,1226429,111031.44,1228,zzzz****,정주행,한국어,시작,왜,이게,대학일기,1
587576,이거지롱,0.7164954498339406,0,225,1226429,100774.79,56.32911392405063,123234.87658227848,8794.260886075948,152,860669,99275.82,1228,zzzz****,정주행,한국어,시작,왜,이게,대학일기,1
587576,이거지롱,0.7164954498339406,0,225,1226429,100774.79,56.32911392405063,123234.87658227848,8794.260886075948,126,697527,95754.98,1228,zzzz****,정주행,한국어,시작,왜,이게,대학일기,1
587576,이거지롱,0.7164954498339406,0,225,1226429,100774.79,56.32911392405063,123234.87658227848,8794.260886075948,113,603033,89631.36,1228,zzzz****,정주행,한국어,시작,왜,이게,대학일기,1
587576,이거지롱,0.7164954498339406,0,225,1226429,100774.79,56.32911392405063,123234.87658227848,8794.260886075948,225,573158,100774.79,1228,zzzz****,정주행,한국어,시작,왜,이게,대학일기,1
