id,title,5th,10th,first_positive_5,second_view_1,third_rating_people_5,first_positive_5_mean,second_view_1_mean,third_rating_people_5_mean,positive,view,rating_people,comment_writer_count,comment_writer,pos_keyword_1,pos_keyword_2,pos_keyword_3,neg_keyword_1,neg_keyword_2,neg_keyword_3,label
55031,이거지롱,0.4445705026810107,0,13,8070,3214.4,56.32911392405063,123234.87658227848,8794.260886075948,30,8070,3865.14,93,znfm****,재밌어요,웃대에서,재밌게,헐2009년때,감명깊게봤었는데,헐,1
55031,이거지롱,0.4445705026810107,0,13,8070,3214.4,56.32911392405063,123234.87658227848,8794.260886075948,9,4915,3321.34,93,znfm****,재밌어요,웃대에서,재밌게,헐2009년때,감명깊게봤었는데,헐,1
55031,이거지롱,0.4445705026810107,0,13,8070,3214.4,56.32911392405063,123234.87658227848,8794.260886075948,8,2269,2883.8700000000003,93,znfm****,재밌어요,웃대에서,재밌게,헐2009년때,감명깊게봤었는데,헐,1
55031,이거지롱,0.4445705026810107,0,13,8070,3214.4,56.32911392405063,123234.87658227848,8794.260886075948,9,1565,2803.2,93,znfm****,재밌어요,웃대에서,재밌게,헐2009년때,감명깊게봤었는데,헐,1
55031,이거지롱,0.4445705026810107,0,13,8070,3214.4,56.32911392405063,123234.87658227848,8794.260886075948,13,1233,3214.4,93,znfm****,재밌어요,웃대에서,재밌게,헐2009년때,감명깊게봤었는데,헐,1
