id,title,5th,10th,first_positive_5,second_view_1,third_rating_people_5,first_positive_5_mean,second_view_1_mean,third_rating_people_5_mean,positive,view,rating_people,comment_writer_count,comment_writer,pos_keyword_1,pos_keyword_2,pos_keyword_3,neg_keyword_1,neg_keyword_2,neg_keyword_3,label
584001,이거지롱,0.584119740477364,0,15,9663,1721.28,56.32911392405063,123234.87658227848,8794.260886075948,42,9663,3094.44,120,yuns****,오,정식,대박,나,익산사는데,작가님아,1
584001,이거지롱,0.584119740477364,0,15,9663,1721.28,56.32911392405063,123234.87658227848,8794.260886075948,10,5568,1906.96,120,yuns****,오,정식,대박,나,익산사는데,작가님아,1
584001,이거지롱,0.584119740477364,0,15,9663,1721.28,56.32911392405063,123234.87658227848,8794.260886075948,15,2060,1759.0400000000002,120,yuns****,오,정식,대박,나,익산사는데,작가님아,1
584001,이거지롱,0.584119740477364,0,15,9663,1721.28,56.32911392405063,123234.87658227848,8794.260886075948,14,1145,1842.4,120,yuns****,오,정식,대박,나,익산사는데,작가님아,1
584001,이거지롱,0.584119740477364,0,15,9663,1721.28,56.32911392405063,123234.87658227848,8794.260886075948,15,546,1721.28,120,yuns****,오,정식,대박,나,익산사는데,작가님아,1
