id,title,5th,10th,first_positive_5,second_view_1,third_rating_people_5,first_positive_5_mean,second_view_1_mean,third_rating_people_5_mean,positive,view,rating_people,comment_writer_count,comment_writer,pos_keyword_1,pos_keyword_2,pos_keyword_3,neg_keyword_1,neg_keyword_2,neg_keyword_3,label
690350,이거지롱,0.6010976842269357,0,13,54940,1473.76,56.32911392405063,123234.87658227848,8794.260886075948,60,54940,3227.52,175,zodo****,사랑해요,남주,그래도,왜,하면,이분,1
690350,이거지롱,0.6010976842269357,0,13,54940,1473.76,56.32911392405063,123234.87658227848,8794.260886075948,28,28772,1721.28,175,zodo****,사랑해요,남주,그래도,왜,하면,이분,1
690350,이거지롱,0.6010976842269357,0,13,54940,1473.76,56.32911392405063,123234.87658227848,8794.260886075948,25,22824,1524.12,175,zodo****,사랑해요,남주,그래도,왜,하면,이분,1
690350,이거지롱,0.6010976842269357,0,13,54940,1473.76,56.32911392405063,123234.87658227848,8794.260886075948,10,21290,1523.65,175,zodo****,사랑해요,남주,그래도,왜,하면,이분,1
690350,이거지롱,0.6010976842269357,0,13,54940,1473.76,56.32911392405063,123234.87658227848,8794.260886075948,13,20620,1473.76,175,zodo****,사랑해요,남주,그래도,왜,하면,이분,1
