id,title,5th,10th,first_positive_5,second_view_1,third_rating_people_5,first_positive_5_mean,second_view_1_mean,third_rating_people_5_mean,positive,view,rating_people,comment_writer_count,comment_writer,pos_keyword_1,pos_keyword_2,pos_keyword_3,neg_keyword_1,neg_keyword_2,neg_keyword_3,label
693382,이거지롱,0.7412452814943967,0,114,317558,11778.99,56.32911392405063,123234.87658227848,8794.260886075948,24,317558,9731.82,318,zymi****,재밌어요,베도,정식연재,이게,처음,헐,1
693382,이거지롱,0.7412452814943967,0,114,317558,11778.99,56.32911392405063,123234.87658227848,8794.260886075948,30,229261,8708.4,318,zymi****,재밌어요,베도,정식연재,이게,처음,헐,1
693382,이거지롱,0.7412452814943967,0,114,317558,11778.99,56.32911392405063,123234.87658227848,8794.260886075948,36,196230,10165.66,318,zymi****,재밌어요,베도,정식연재,이게,처음,헐,1
693382,이거지롱,0.7412452814943967,0,114,317558,11778.99,56.32911392405063,123234.87658227848,8794.260886075948,52,153525,7722.4,318,zymi****,재밌어요,베도,정식연재,이게,처음,헐,1
693382,이거지롱,0.7412452814943967,0,114,317558,11778.99,56.32911392405063,123234.87658227848,8794.260886075948,114,178848,11778.99,318,zymi****,재밌어요,베도,정식연재,이게,처음,헐,1
