id,title,5th,10th,first_positive_5,second_view_1,third_rating_people_5,first_positive_5_mean,second_view_1_mean,third_rating_people_5_mean,positive,view,rating_people,comment_writer_count,comment_writer,pos_keyword_1,pos_keyword_2,pos_keyword_3,neg_keyword_1,neg_keyword_2,neg_keyword_3,label
628300,이거지롱,0.6824226199596121,0,59,239177,23026.71,56.32911392405063,123234.87658227848,8794.260886075948,117,239177,23259.51,624,zzbe****,귀신,내가,소름,왜,난,귀신도,1
628300,이거지롱,0.6824226199596121,0,59,239177,23026.71,56.32911392405063,123234.87658227848,8794.260886075948,81,263199,23842.32,624,zzbe****,귀신,내가,소름,왜,난,귀신도,1
628300,이거지롱,0.6824226199596121,0,59,239177,23026.71,56.32911392405063,123234.87658227848,8794.260886075948,54,218472,24132.5,624,zzbe****,귀신,내가,소름,왜,난,귀신도,1
628300,이거지롱,0.6824226199596121,0,59,239177,23026.71,56.32911392405063,123234.87658227848,8794.260886075948,39,188359,23521.8,624,zzbe****,귀신,내가,소름,왜,난,귀신도,1
628300,이거지롱,0.6824226199596121,0,59,239177,23026.71,56.32911392405063,123234.87658227848,8794.260886075948,59,170446,23026.71,624,zzbe****,귀신,내가,소름,왜,난,귀신도,1
