id,title,5th,10th,first_positive_5,second_view_1,third_rating_people_5,first_positive_5_mean,second_view_1_mean,third_rating_people_5_mean,positive,view,rating_people,comment_writer_count,comment_writer,pos_keyword_1,pos_keyword_2,pos_keyword_3,neg_keyword_1,neg_keyword_2,neg_keyword_3,label
657945,이거지롱,0.661566737937239,0,63,775264,34110.719999999994,56.32911392405063,123234.87658227848,8794.260886075948,70,775264,37760.02,497,zodi****,언니가,완전,공감,언니가,난,오빠가,1
657945,이거지롱,0.661566737937239,0,63,775264,34110.719999999994,56.32911392405063,123234.87658227848,8794.260886075948,61,794709,40095.0,497,zodi****,언니가,완전,공감,언니가,난,오빠가,1
657945,이거지롱,0.661566737937239,0,63,775264,34110.719999999994,56.32911392405063,123234.87658227848,8794.260886075948,54,747570,38986.2,497,zodi****,언니가,완전,공감,언니가,난,오빠가,1
657945,이거지롱,0.661566737937239,0,63,775264,34110.719999999994,56.32911392405063,123234.87658227848,8794.260886075948,33,708586,35328.38,497,zodi****,언니가,완전,공감,언니가,난,오빠가,1
657945,이거지롱,0.661566737937239,0,63,775264,34110.719999999994,56.32911392405063,123234.87658227848,8794.260886075948,63,682427,34110.719999999994,497,zodi****,언니가,완전,공감,언니가,난,오빠가,1
