id,title,5th,10th,first_positive_5,second_view_1,third_rating_people_5,first_positive_5_mean,second_view_1_mean,third_rating_people_5_mean,positive,view,rating_people,comment_writer_count,comment_writer,pos_keyword_1,pos_keyword_2,pos_keyword_3,neg_keyword_1,neg_keyword_2,neg_keyword_3,label
66465,이거지롱,0.6143615272217019,0,165,63943,19266.44,56.32911392405063,123234.87658227848,8794.260886075948,417,63943,24776.72,1315,zzzs****,정주행,완전,역주행,역주행,알보칠,헐,1
66465,이거지롱,0.6143615272217019,0,165,63943,19266.44,56.32911392405063,123234.87658227848,8794.260886075948,185,34676,19285.2,1315,zzzs****,정주행,완전,역주행,역주행,알보칠,헐,1
66465,이거지롱,0.6143615272217019,0,165,63943,19266.44,56.32911392405063,123234.87658227848,8794.260886075948,79,24370,18223.54,1315,zzzs****,정주행,완전,역주행,역주행,알보칠,헐,1
66465,이거지롱,0.6143615272217019,0,165,63943,19266.44,56.32911392405063,123234.87658227848,8794.260886075948,342,19564,21824.6,1315,zzzs****,정주행,완전,역주행,역주행,알보칠,헐,1
66465,이거지롱,0.6143615272217019,0,165,63943,19266.44,56.32911392405063,123234.87658227848,8794.260886075948,165,17547,19266.44,1315,zzzs****,정주행,완전,역주행,역주행,알보칠,헐,1
