id,title,5th,10th,first_positive_5,second_view_1,third_rating_people_5,first_positive_5_mean,second_view_1_mean,third_rating_people_5_mean,positive,view,rating_people,comment_writer_count,comment_writer,pos_keyword_1,pos_keyword_2,pos_keyword_3,neg_keyword_1,neg_keyword_2,neg_keyword_3,label
618656,이거지롱,0.5075549926703994,0,29,12398,8680.880000000001,56.32911392405063,123234.87658227848,8794.260886075948,104,12398,11077.6,382,zzxy****,웹툰으로,우렁이,헐,왜,웹툰으로,우렁이가,1
618656,이거지롱,0.5075549926703994,0,29,12398,8680.880000000001,56.32911392405063,123234.87658227848,8794.260886075948,30,5429,9210.71,382,zzxy****,웹툰으로,우렁이,헐,왜,웹툰으로,우렁이가,1
618656,이거지롱,0.5075549926703994,0,29,12398,8680.880000000001,56.32911392405063,123234.87658227848,8794.260886075948,45,1792,8816.64,382,zzxy****,웹툰으로,우렁이,헐,왜,웹툰으로,우렁이가,1
618656,이거지롱,0.5075549926703994,0,29,12398,8680.880000000001,56.32911392405063,123234.87658227848,8794.260886075948,36,692,8855.15,382,zzxy****,웹툰으로,우렁이,헐,왜,웹툰으로,우렁이가,1
618656,이거지롱,0.5075549926703994,0,29,12398,8680.880000000001,56.32911392405063,123234.87658227848,8794.260886075948,29,482,8680.880000000001,382,zzxy****,웹툰으로,우렁이,헐,왜,웹툰으로,우렁이가,1
