id,title,5th,10th,first_positive_5,second_view_1,third_rating_people_5,first_positive_5_mean,second_view_1_mean,third_rating_people_5_mean,positive,view,rating_people,comment_writer_count,comment_writer,pos_keyword_1,pos_keyword_2,pos_keyword_3,neg_keyword_1,neg_keyword_2,neg_keyword_3,label
670485,이거지롱,0.5054390113680052,0,11,107660,1582.4,56.32911392405063,123234.87658227848,8794.260886075948,29,107660,2352.16,52,zkak****,좋네요,재밌어요,만화,쌤,어느,학교나,1
670485,이거지롱,0.5054390113680052,0,11,107660,1582.4,56.32911392405063,123234.87658227848,8794.260886075948,6,84824,1932.45,52,zkak****,좋네요,재밌어요,만화,쌤,어느,학교나,1
670485,이거지롱,0.5054390113680052,0,11,107660,1582.4,56.32911392405063,123234.87658227848,8794.260886075948,7,70016,1631.85,52,zkak****,좋네요,재밌어요,만화,쌤,어느,학교나,1
670485,이거지롱,0.5054390113680052,0,11,107660,1582.4,56.32911392405063,123234.87658227848,8794.260886075948,3,64653,1641.74,52,zkak****,좋네요,재밌어요,만화,쌤,어느,학교나,1
670485,이거지롱,0.5054390113680052,0,11,107660,1582.4,56.32911392405063,123234.87658227848,8794.260886075948,11,63865,1582.4,52,zkak****,좋네요,재밌어요,만화,쌤,어느,학교나,1
