id,title,5th,10th,first_positive_5,second_view_1,third_rating_people_5,first_positive_5_mean,second_view_1_mean,third_rating_people_5_mean,positive,view,rating_people,comment_writer_count,comment_writer,pos_keyword_1,pos_keyword_2,pos_keyword_3,neg_keyword_1,neg_keyword_2,neg_keyword_3,label
674525,이거지롱,0.5823961027245544,0,13,146457,4336.2,56.32911392405063,123234.87658227848,8794.260886075948,32,146457,12582.4,162,zx56****,빨리,옆동네로,완전,뭐지,왜,들어왔는데,1
674525,이거지롱,0.5823961027245544,0,13,146457,4336.2,56.32911392405063,123234.87658227848,8794.260886075948,30,100477,7568.080000000001,162,zx56****,빨리,옆동네로,완전,뭐지,왜,들어왔는데,1
674525,이거지롱,0.5823961027245544,0,13,146457,4336.2,56.32911392405063,123234.87658227848,8794.260886075948,15,85133,5475.84,162,zx56****,빨리,옆동네로,완전,뭐지,왜,들어왔는데,1
674525,이거지롱,0.5823961027245544,0,13,146457,4336.2,56.32911392405063,123234.87658227848,8794.260886075948,19,80079,4241.04,162,zx56****,빨리,옆동네로,완전,뭐지,왜,들어왔는데,1
674525,이거지롱,0.5823961027245544,0,13,146457,4336.2,56.32911392405063,123234.87658227848,8794.260886075948,13,69808,4336.2,162,zx56****,빨리,옆동네로,완전,뭐지,왜,들어왔는데,1
