id,title,5th,10th,first_positive_5,second_view_1,third_rating_people_5,first_positive_5_mean,second_view_1_mean,third_rating_people_5_mean,positive,view,rating_people,comment_writer_count,comment_writer,pos_keyword_1,pos_keyword_2,pos_keyword_3,neg_keyword_1,neg_keyword_2,neg_keyword_3,label
676788,이거지롱,0.7092387812231166,0,39,82395,6461.52,56.32911392405063,123234.87658227848,8794.260886075948,31,82395,5981.69,140,zeat****,귀여워요,귀여워,귀엽고,뭐야,배도에서,온거였어,1
676788,이거지롱,0.7092387812231166,0,39,82395,6461.52,56.32911392405063,123234.87658227848,8794.260886075948,18,60974,5876.56,140,zeat****,귀여워요,귀여워,귀엽고,뭐야,배도에서,온거였어,1
676788,이거지롱,0.7092387812231166,0,39,82395,6461.52,56.32911392405063,123234.87658227848,8794.260886075948,24,54851,6287.19,140,zeat****,귀여워요,귀여워,귀엽고,뭐야,배도에서,온거였어,1
676788,이거지롱,0.7092387812231166,0,39,82395,6461.52,56.32911392405063,123234.87658227848,8794.260886075948,45,50419,7348.27,140,zeat****,귀여워요,귀여워,귀엽고,뭐야,배도에서,온거였어,1
676788,이거지롱,0.7092387812231166,0,39,82395,6461.52,56.32911392405063,123234.87658227848,8794.260886075948,39,47520,6461.52,140,zeat****,귀여워요,귀여워,귀엽고,뭐야,배도에서,온거였어,1
