id,title,5th,10th,first_positive_5,second_view_1,third_rating_people_5,first_positive_5_mean,second_view_1_mean,third_rating_people_5_mean,positive,view,rating_people,comment_writer_count,comment_writer,pos_keyword_1,pos_keyword_2,pos_keyword_3,neg_keyword_1,neg_keyword_2,neg_keyword_3,label
640524,이거지롱,0.706168789014822,0,56,26775,16745.0,56.32911392405063,123234.87658227848,8794.260886075948,114,26775,22068.35,445,zose****,토란님,미친,역시,뭔가,숲속마을,이게,1
640524,이거지롱,0.706168789014822,0,56,26775,16745.0,56.32911392405063,123234.87658227848,8794.260886075948,57,21687,20822.9,445,zose****,토란님,미친,역시,뭔가,숲속마을,이게,1
640524,이거지롱,0.706168789014822,0,56,26775,16745.0,56.32911392405063,123234.87658227848,8794.260886075948,84,19700,20222.05,445,zose****,토란님,미친,역시,뭔가,숲속마을,이게,1
640524,이거지롱,0.706168789014822,0,56,26775,16745.0,56.32911392405063,123234.87658227848,8794.260886075948,69,17533,19414.29,445,zose****,토란님,미친,역시,뭔가,숲속마을,이게,1
640524,이거지롱,0.706168789014822,0,56,26775,16745.0,56.32911392405063,123234.87658227848,8794.260886075948,56,16623,16745.0,445,zose****,토란님,미친,역시,뭔가,숲속마을,이게,1
