id,title,5th,10th,first_positive_5,second_view_1,third_rating_people_5,first_positive_5_mean,second_view_1_mean,third_rating_people_5_mean,positive,view,rating_people,comment_writer_count,comment_writer,pos_keyword_1,pos_keyword_2,pos_keyword_3,neg_keyword_1,neg_keyword_2,neg_keyword_3,label
643642,이거지롱,0.6023761093900598,0,21,4301,7370.48,56.32911392405063,123234.87658227848,8794.260886075948,31,4301,5285.57,122,zbvl****,재밌어요,재미있어요,화이팅,예문에서,영어를,잘하는,1
643642,이거지롱,0.6023761093900598,0,21,4301,7370.48,56.32911392405063,123234.87658227848,8794.260886075948,34,3842,11264.71,122,zbvl****,재밌어요,재미있어요,화이팅,예문에서,영어를,잘하는,1
643642,이거지롱,0.6023761093900598,0,21,4301,7370.48,56.32911392405063,123234.87658227848,8794.260886075948,24,2395,8106.549999999999,122,zbvl****,재밌어요,재미있어요,화이팅,예문에서,영어를,잘하는,1
643642,이거지롱,0.6023761093900598,0,21,4301,7370.48,56.32911392405063,123234.87658227848,8794.260886075948,31,1087,7872.44,122,zbvl****,재밌어요,재미있어요,화이팅,예문에서,영어를,잘하는,1
643642,이거지롱,0.6023761093900598,0,21,4301,7370.48,56.32911392405063,123234.87658227848,8794.260886075948,21,580,7370.48,122,zbvl****,재밌어요,재미있어요,화이팅,예문에서,영어를,잘하는,1
