id,title,5th,10th,first_positive_5,second_view_1,third_rating_people_5,first_positive_5_mean,second_view_1_mean,third_rating_people_5_mean,positive,view,rating_people,comment_writer_count,comment_writer,pos_keyword_1,pos_keyword_2,pos_keyword_3,neg_keyword_1,neg_keyword_2,neg_keyword_3,label
620242,이거지롱,0.6880518698375344,0,30,127346,14528.75,56.32911392405063,123234.87658227848,8794.260886075948,44,127346,13449.28,174,yyyh****,애채,귀여워,귀여워서,애채가,자신의,뭔가,1
620242,이거지롱,0.6880518698375344,0,30,127346,14528.75,56.32911392405063,123234.87658227848,8794.260886075948,19,89794,13014.92,174,yyyh****,애채,귀여워,귀여워서,애채가,자신의,뭔가,1
620242,이거지롱,0.6880518698375344,0,30,127346,14528.75,56.32911392405063,123234.87658227848,8794.260886075948,31,49741,12375.97,174,yyyh****,애채,귀여워,귀여워서,애채가,자신의,뭔가,1
620242,이거지롱,0.6880518698375344,0,30,127346,14528.75,56.32911392405063,123234.87658227848,8794.260886075948,36,28983,15992.919999999998,174,yyyh****,애채,귀여워,귀여워서,애채가,자신의,뭔가,1
620242,이거지롱,0.6880518698375344,0,30,127346,14528.75,56.32911392405063,123234.87658227848,8794.260886075948,30,20740,14528.75,174,yyyh****,애채,귀여워,귀여워서,애채가,자신의,뭔가,1
