id,title,5th,10th,first_positive_5,second_view_1,third_rating_people_5,first_positive_5_mean,second_view_1_mean,third_rating_people_5_mean,positive,view,rating_people,comment_writer_count,comment_writer,pos_keyword_1,pos_keyword_2,pos_keyword_3,neg_keyword_1,neg_keyword_2,neg_keyword_3,label
619853,이거지롱,0.7433937891796835,0,166,110734,24788.04,56.32911392405063,123234.87658227848,8794.260886075948,179,110734,27326.69,1650,zzxa****,나리,난,여주,난,나는,왜,1
619853,이거지롱,0.7433937891796835,0,166,110734,24788.04,56.32911392405063,123234.87658227848,8794.260886075948,166,64375,24819.300000000003,1650,zzxa****,나리,난,여주,난,나는,왜,1
619853,이거지롱,0.7433937891796835,0,166,110734,24788.04,56.32911392405063,123234.87658227848,8794.260886075948,115,34807,23064.96,1650,zzxa****,나리,난,여주,난,나는,왜,1
619853,이거지롱,0.7433937891796835,0,166,110734,24788.04,56.32911392405063,123234.87658227848,8794.260886075948,581,21340,32590.74,1650,zzxa****,나리,난,여주,난,나는,왜,1
619853,이거지롱,0.7433937891796835,0,166,110734,24788.04,56.32911392405063,123234.87658227848,8794.260886075948,166,16967,24788.04,1650,zzxa****,나리,난,여주,난,나는,왜,1
