id,title,5th,10th,first_positive_5,second_view_1,third_rating_people_5,first_positive_5_mean,second_view_1_mean,third_rating_people_5_mean,positive,view,rating_people,comment_writer_count,comment_writer,pos_keyword_1,pos_keyword_2,pos_keyword_3,neg_keyword_1,neg_keyword_2,neg_keyword_3,label
674218,이거지롱,0.7352016517697088,0,42,1640501,55242.0,56.32911392405063,123234.87658227848,8794.260886075948,279,1640501,70913.7,809,zxzx****,그림체,와,좋아요,발암,뭔가,여주,1
674218,이거지롱,0.7352016517697088,0,42,1640501,55242.0,56.32911392405063,123234.87658227848,8794.260886075948,196,1199752,66813.22,809,zxzx****,그림체,와,좋아요,발암,뭔가,여주,1
674218,이거지롱,0.7352016517697088,0,42,1640501,55242.0,56.32911392405063,123234.87658227848,8794.260886075948,172,1108994,67366.72,809,zxzx****,그림체,와,좋아요,발암,뭔가,여주,1
674218,이거지롱,0.7352016517697088,0,42,1640501,55242.0,56.32911392405063,123234.87658227848,8794.260886075948,145,1072682,65739.84,809,zxzx****,그림체,와,좋아요,발암,뭔가,여주,1
674218,이거지롱,0.7352016517697088,0,42,1640501,55242.0,56.32911392405063,123234.87658227848,8794.260886075948,42,1027165,55242.0,809,zxzx****,그림체,와,좋아요,발암,뭔가,여주,1
