id,title,5th,10th,first_positive_5,second_view_1,third_rating_people_5,first_positive_5_mean,second_view_1_mean,third_rating_people_5_mean,positive,view,rating_people,comment_writer_count,comment_writer,pos_keyword_1,pos_keyword_2,pos_keyword_3,neg_keyword_1,neg_keyword_2,neg_keyword_3,label
630616,이거지롱,0.4752542782436642,0,24,957666,11460.8,56.32911392405063,123234.87658227848,8794.260886075948,41,957666,15225.12,324,zzzz****,와,왜,그림체,뭔가,내용이,뭐야,1
630616,이거지롱,0.4752542782436642,0,24,957666,11460.8,56.32911392405063,123234.87658227848,8794.260886075948,53,627539,13620.6,324,zzzz****,와,왜,그림체,뭔가,내용이,뭐야,1
630616,이거지롱,0.4752542782436642,0,24,957666,11460.8,56.32911392405063,123234.87658227848,8794.260886075948,26,572813,12784.72,324,zzzz****,와,왜,그림체,뭔가,내용이,뭐야,1
630616,이거지롱,0.4752542782436642,0,24,957666,11460.8,56.32911392405063,123234.87658227848,8794.260886075948,12,493760,11579.36,324,zzzz****,와,왜,그림체,뭔가,내용이,뭐야,1
630616,이거지롱,0.4752542782436642,0,24,957666,11460.8,56.32911392405063,123234.87658227848,8794.260886075948,24,480777,11460.8,324,zzzz****,와,왜,그림체,뭔가,내용이,뭐야,1
