id,title,5th,10th,first_positive_5,second_view_1,third_rating_people_5,first_positive_5_mean,second_view_1_mean,third_rating_people_5_mean,positive,view,rating_people,comment_writer_count,comment_writer,pos_keyword_1,pos_keyword_2,pos_keyword_3,neg_keyword_1,neg_keyword_2,neg_keyword_3,label
681297,이거지롱,0.4708416819333603,0,19,419212,9375.3,56.32911392405063,123234.87658227848,8794.260886075948,65,419212,14281.89,198,zzzz****,와,재밌어요,화이팅,남주,될,나만,1
681297,이거지롱,0.4708416819333603,0,19,419212,9375.3,56.32911392405063,123234.87658227848,8794.260886075948,35,304392,11858.11,198,zzzz****,와,재밌어요,화이팅,남주,될,나만,1
681297,이거지롱,0.4708416819333603,0,19,419212,9375.3,56.32911392405063,123234.87658227848,8794.260886075948,14,263896,10176.4,198,zzzz****,와,재밌어요,화이팅,남주,될,나만,1
681297,이거지롱,0.4708416819333603,0,19,419212,9375.3,56.32911392405063,123234.87658227848,8794.260886075948,19,219690,9682.2,198,zzzz****,와,재밌어요,화이팅,남주,될,나만,1
681297,이거지롱,0.4708416819333603,0,19,419212,9375.3,56.32911392405063,123234.87658227848,8794.260886075948,19,207929,9375.3,198,zzzz****,와,재밌어요,화이팅,남주,될,나만,1
