id,title,5th,10th,first_positive_5,second_view_1,third_rating_people_5,first_positive_5_mean,second_view_1_mean,third_rating_people_5_mean,positive,view,rating_people,comment_writer_count,comment_writer,pos_keyword_1,pos_keyword_2,pos_keyword_3,neg_keyword_1,neg_keyword_2,neg_keyword_3,label
674166,이거지롱,0.6233750685966939,0,15,57573,2719.75,56.32911392405063,123234.87658227848,8794.260886075948,7,57573,2139.25,74,zkak****,대박,그림도,왜,머지,음,거기,1
674166,이거지롱,0.6233750685966939,0,15,57573,2719.75,56.32911392405063,123234.87658227848,8794.260886075948,21,57384,2521.9500000000003,74,zkak****,대박,그림도,왜,머지,음,거기,1
674166,이거지롱,0.6233750685966939,0,15,57573,2719.75,56.32911392405063,123234.87658227848,8794.260886075948,7,44236,2072.02,74,zkak****,대박,그림도,왜,머지,음,거기,1
674166,이거지롱,0.6233750685966939,0,15,57573,2719.75,56.32911392405063,123234.87658227848,8794.260886075948,18,41764,2304.3700000000003,74,zkak****,대박,그림도,왜,머지,음,거기,1
674166,이거지롱,0.6233750685966939,0,15,57573,2719.75,56.32911392405063,123234.87658227848,8794.260886075948,15,41275,2719.75,74,zkak****,대박,그림도,왜,머지,음,거기,1
