id,title,5th,10th,first_positive_5,second_view_1,third_rating_people_5,first_positive_5_mean,second_view_1_mean,third_rating_people_5_mean,positive,view,rating_people,comment_writer_count,comment_writer,pos_keyword_1,pos_keyword_2,pos_keyword_3,neg_keyword_1,neg_keyword_2,neg_keyword_3,label
687571,이거지롱,0.5706761502118444,0,21,336817,9622.4,56.32911392405063,123234.87658227848,8794.260886075948,25,336817,9071.85,132,you1****,재밌어요,그림체,그림체도,은태,여친이면,이만화,1
687571,이거지롱,0.5706761502118444,0,21,336817,9622.4,56.32911392405063,123234.87658227848,8794.260886075948,20,270772,9474.92,132,you1****,재밌어요,그림체,그림체도,은태,여친이면,이만화,1
687571,이거지롱,0.5706761502118444,0,21,336817,9622.4,56.32911392405063,123234.87658227848,8794.260886075948,24,229861,9870.36,132,you1****,재밌어요,그림체,그림체도,은태,여친이면,이만화,1
687571,이거지롱,0.5706761502118444,0,21,336817,9622.4,56.32911392405063,123234.87658227848,8794.260886075948,14,202734,9572.8,132,you1****,재밌어요,그림체,그림체도,은태,여친이면,이만화,1
687571,이거지롱,0.5706761502118444,0,21,336817,9622.4,56.32911392405063,123234.87658227848,8794.260886075948,21,197404,9622.4,132,you1****,재밌어요,그림체,그림체도,은태,여친이면,이만화,1
