id,title,5th,10th,first_positive_5,second_view_1,third_rating_people_5,first_positive_5_mean,second_view_1_mean,third_rating_people_5_mean,positive,view,rating_people,comment_writer_count,comment_writer,pos_keyword_1,pos_keyword_2,pos_keyword_3,neg_keyword_1,neg_keyword_2,neg_keyword_3,label
694996,이거지롱,0.6355363859876668,0,6,16742,413.16,56.32911392405063,123234.87658227848,8794.260886075948,15,16742,1048.32,48,zksx****,응원합니다,그림체,이야기,아직,내용인지는,연출이,1
694996,이거지롱,0.6355363859876668,0,6,16742,413.16,56.32911392405063,123234.87658227848,8794.260886075948,10,11981,1132.8,48,zksx****,응원합니다,그림체,이야기,아직,내용인지는,연출이,1
694996,이거지롱,0.6355363859876668,0,6,16742,413.16,56.32911392405063,123234.87658227848,8794.260886075948,7,6236,875.13,48,zksx****,응원합니다,그림체,이야기,아직,내용인지는,연출이,1
694996,이거지롱,0.6355363859876668,0,6,16742,413.16,56.32911392405063,123234.87658227848,8794.260886075948,10,3245,581.9399999999999,48,zksx****,응원합니다,그림체,이야기,아직,내용인지는,연출이,1
694996,이거지롱,0.6355363859876668,0,6,16742,413.16,56.32911392405063,123234.87658227848,8794.260886075948,6,2772,413.16,48,zksx****,응원합니다,그림체,이야기,아직,내용인지는,연출이,1
