id,title,5th,10th,first_positive_5,second_view_1,third_rating_people_5,first_positive_5_mean,second_view_1_mean,third_rating_people_5_mean,positive,view,rating_people,comment_writer_count,comment_writer,pos_keyword_1,pos_keyword_2,pos_keyword_3,neg_keyword_1,neg_keyword_2,neg_keyword_3,label
697307,이거지롱,0.747418172458381,0,36,355747,9389.12,56.32911392405063,123234.87658227848,8794.260886075948,109,355747,12882.52,298,zzxx****,리메이크,다름이,넘,왜,아닌가,네이버에서,1
697307,이거지롱,0.747418172458381,0,36,355747,9389.12,56.32911392405063,123234.87658227848,8794.260886075948,40,259719,10580.91,298,zzxx****,리메이크,다름이,넘,왜,아닌가,네이버에서,1
697307,이거지롱,0.747418172458381,0,36,355747,9389.12,56.32911392405063,123234.87658227848,8794.260886075948,30,220198,10034.75,298,zzxx****,리메이크,다름이,넘,왜,아닌가,네이버에서,1
697307,이거지롱,0.747418172458381,0,36,355747,9389.12,56.32911392405063,123234.87658227848,8794.260886075948,44,206261,10369.17,298,zzxx****,리메이크,다름이,넘,왜,아닌가,네이버에서,1
697307,이거지롱,0.747418172458381,0,36,355747,9389.12,56.32911392405063,123234.87658227848,8794.260886075948,36,213406,9389.12,298,zzxx****,리메이크,다름이,넘,왜,아닌가,네이버에서,1
