id,title,5th,10th,first_positive_5,second_view_1,third_rating_people_5,first_positive_5_mean,second_view_1_mean,third_rating_people_5_mean,positive,view,rating_people,comment_writer_count,comment_writer,pos_keyword_1,pos_keyword_2,pos_keyword_3,neg_keyword_1,neg_keyword_2,neg_keyword_3,label
688858,이거지롱,0.61010865353139,0,7,207790,4526.21,56.32911392405063,123234.87658227848,8794.260886075948,42,207790,7140.77,174,zetu****,왜,여주,사생,사생,사생미화,여주,1
688858,이거지롱,0.61010865353139,0,7,207790,4526.21,56.32911392405063,123234.87658227848,8794.260886075948,11,158601,6130.080000000001,174,zetu****,왜,여주,사생,사생,사생미화,여주,1
688858,이거지롱,0.61010865353139,0,7,207790,4526.21,56.32911392405063,123234.87658227848,8794.260886075948,21,147040,5166.719999999999,174,zetu****,왜,여주,사생,사생,사생미화,여주,1
688858,이거지롱,0.61010865353139,0,7,207790,4526.21,56.32911392405063,123234.87658227848,8794.260886075948,33,139378,4579.38,174,zetu****,왜,여주,사생,사생,사생미화,여주,1
688858,이거지롱,0.61010865353139,0,7,207790,4526.21,56.32911392405063,123234.87658227848,8794.260886075948,7,133959,4526.21,174,zetu****,왜,여주,사생,사생,사생미화,여주,1
