id,title,5th,10th,first_positive_5,second_view_1,third_rating_people_5,first_positive_5_mean,second_view_1_mean,third_rating_people_5_mean,positive,view,rating_people,comment_writer_count,comment_writer,pos_keyword_1,pos_keyword_2,pos_keyword_3,neg_keyword_1,neg_keyword_2,neg_keyword_3,label
604488,이거지롱,0.5932653007290594,0,127,3935,15465.91,56.32911392405063,123234.87658227848,8794.260886075948,182,3935,20096.89,933,zxs2****,지완이,난,마지막,엄마,나도,있는데,1
604488,이거지롱,0.5932653007290594,0,127,3935,15465.91,56.32911392405063,123234.87658227848,8794.260886075948,58,739,12351.68,933,zxs2****,지완이,난,마지막,엄마,나도,있는데,1
604488,이거지롱,0.5932653007290594,0,127,3935,15465.91,56.32911392405063,123234.87658227848,8794.260886075948,143,294,16392.420000000002,933,zxs2****,지완이,난,마지막,엄마,나도,있는데,1
604488,이거지롱,0.5932653007290594,0,127,3935,15465.91,56.32911392405063,123234.87658227848,8794.260886075948,114,224,15254.88,933,zxs2****,지완이,난,마지막,엄마,나도,있는데,1
604488,이거지롱,0.5932653007290594,0,127,3935,15465.91,56.32911392405063,123234.87658227848,8794.260886075948,127,323,15465.91,933,zxs2****,지완이,난,마지막,엄마,나도,있는데,1
