id,title,5th,10th,first_positive_5,second_view_1,third_rating_people_5,first_positive_5_mean,second_view_1_mean,third_rating_people_5_mean,positive,view,rating_people,comment_writer_count,comment_writer,pos_keyword_1,pos_keyword_2,pos_keyword_3,neg_keyword_1,neg_keyword_2,neg_keyword_3,label
602951,이거지롱,0.5138987092561568,0,28,7080,8278.26,56.32911392405063,123234.87658227848,8794.260886075948,36,7080,8979.199999999999,262,zkwa****,재밌어요,왜,같은,뭔가,아니라,저뿐인가요,1
602951,이거지롱,0.5138987092561568,0,28,7080,8278.26,56.32911392405063,123234.87658227848,8794.260886075948,34,5985,9103.68,262,zkwa****,재밌어요,왜,같은,뭔가,아니라,저뿐인가요,1
602951,이거지롱,0.5138987092561568,0,28,7080,8278.26,56.32911392405063,123234.87658227848,8794.260886075948,22,2087,9102.0,262,zkwa****,재밌어요,왜,같은,뭔가,아니라,저뿐인가요,1
602951,이거지롱,0.5138987092561568,0,28,7080,8278.26,56.32911392405063,123234.87658227848,8794.260886075948,36,941,8805.9,262,zkwa****,재밌어요,왜,같은,뭔가,아니라,저뿐인가요,1
602951,이거지롱,0.5138987092561568,0,28,7080,8278.26,56.32911392405063,123234.87658227848,8794.260886075948,28,744,8278.26,262,zkwa****,재밌어요,왜,같은,뭔가,아니라,저뿐인가요,1
