id,title,5th,10th,first_positive_5,second_view_1,third_rating_people_5,first_positive_5_mean,second_view_1_mean,third_rating_people_5_mean,positive,view,rating_people,comment_writer_count,comment_writer,pos_keyword_1,pos_keyword_2,pos_keyword_3,neg_keyword_1,neg_keyword_2,neg_keyword_3,label
692651,이거지롱,0.5740480758925735,0,55,478738,14732.25,56.32911392405063,123234.87658227848,8794.260886075948,98,478738,15165.8,381,zxcv****,다시봐도,내가,왜,뭔가,계속,왜,1
692651,이거지롱,0.5740480758925735,0,55,478738,14732.25,56.32911392405063,123234.87658227848,8794.260886075948,117,412259,16127.579999999998,381,zxcv****,다시봐도,내가,왜,뭔가,계속,왜,1
692651,이거지롱,0.5740480758925735,0,55,478738,14732.25,56.32911392405063,123234.87658227848,8794.260886075948,55,410940,16367.95,381,zxcv****,다시봐도,내가,왜,뭔가,계속,왜,1
692651,이거지롱,0.5740480758925735,0,55,478738,14732.25,56.32911392405063,123234.87658227848,8794.260886075948,51,342257,12023.96,381,zxcv****,다시봐도,내가,왜,뭔가,계속,왜,1
692651,이거지롱,0.5740480758925735,0,55,478738,14732.25,56.32911392405063,123234.87658227848,8794.260886075948,55,299646,14732.25,381,zxcv****,다시봐도,내가,왜,뭔가,계속,왜,1
