id,title,5th,10th,first_positive_5,second_view_1,third_rating_people_5,first_positive_5_mean,second_view_1_mean,third_rating_people_5_mean,positive,view,rating_people,comment_writer_count,comment_writer,pos_keyword_1,pos_keyword_2,pos_keyword_3,neg_keyword_1,neg_keyword_2,neg_keyword_3,label
697450,이거지롱,0.6224454362180283,0,19,182671,5610.339999999999,56.32911392405063,123234.87658227848,8794.260886075948,16,182671,6347.219999999999,170,yuri****,가면,잘하고,여주,지금,친구,뭔가,1
697450,이거지롱,0.6224454362180283,0,19,182671,5610.339999999999,56.32911392405063,123234.87658227848,8794.260886075948,46,148203,6661.68,170,yuri****,가면,잘하고,여주,지금,친구,뭔가,1
697450,이거지롱,0.6224454362180283,0,19,182671,5610.339999999999,56.32911392405063,123234.87658227848,8794.260886075948,18,144159,5950.92,170,yuri****,가면,잘하고,여주,지금,친구,뭔가,1
697450,이거지롱,0.6224454362180283,0,19,182671,5610.339999999999,56.32911392405063,123234.87658227848,8794.260886075948,22,121602,5748.38,170,yuri****,가면,잘하고,여주,지금,친구,뭔가,1
697450,이거지롱,0.6224454362180283,0,19,182671,5610.339999999999,56.32911392405063,123234.87658227848,8794.260886075948,19,110505,5610.339999999999,170,yuri****,가면,잘하고,여주,지금,친구,뭔가,1
