id,title,5th,10th,first_positive_5,second_view_1,third_rating_people_5,first_positive_5_mean,second_view_1_mean,third_rating_people_5_mean,positive,view,rating_people,comment_writer_count,comment_writer,pos_keyword_1,pos_keyword_2,pos_keyword_3,neg_keyword_1,neg_keyword_2,neg_keyword_3,label
663501,이거지롱,0.6552645654409773,0,13,53900,5989.009999999999,56.32911392405063,123234.87658227848,8794.260886075948,17,53900,4515.54,72,zzan****,응원합니다,재밌어요,넘,페북,알림,피로가,1
663501,이거지롱,0.6552645654409773,0,13,53900,5989.009999999999,56.32911392405063,123234.87658227848,8794.260886075948,28,45248,4315.68,72,zzan****,응원합니다,재밌어요,넘,페북,알림,피로가,1
663501,이거지롱,0.6552645654409773,0,13,53900,5989.009999999999,56.32911392405063,123234.87658227848,8794.260886075948,22,43318,4612.25,72,zzan****,응원합니다,재밌어요,넘,페북,알림,피로가,1
663501,이거지롱,0.6552645654409773,0,13,53900,5989.009999999999,56.32911392405063,123234.87658227848,8794.260886075948,13,38063,4402.4800000000005,72,zzan****,응원합니다,재밌어요,넘,페북,알림,피로가,1
663501,이거지롱,0.6552645654409773,0,13,53900,5989.009999999999,56.32911392405063,123234.87658227848,8794.260886075948,13,37215,5989.009999999999,72,zzan****,응원합니다,재밌어요,넘,페북,알림,피로가,1
