id,title,5th,10th,first_positive_5,second_view_1,third_rating_people_5,first_positive_5_mean,second_view_1_mean,third_rating_people_5_mean,positive,view,rating_people,comment_writer_count,comment_writer,pos_keyword_1,pos_keyword_2,pos_keyword_3,neg_keyword_1,neg_keyword_2,neg_keyword_3,label
699830,이거지롱,0.6286900374377111,0,40,107919,7817.039999999999,56.32911392405063,123234.87658227848,8794.260886075948,47,107919,8485.65,152,zpdl****,꿀잼,재밌네요,개웃기네,왜,중,뭐야,1
699830,이거지롱,0.6286900374377111,0,40,107919,7817.039999999999,56.32911392405063,123234.87658227848,8794.260886075948,18,84730,7129.62,152,zpdl****,꿀잼,재밌네요,개웃기네,왜,중,뭐야,1
699830,이거지롱,0.6286900374377111,0,40,107919,7817.039999999999,56.32911392405063,123234.87658227848,8794.260886075948,17,70344,7288.83,152,zpdl****,꿀잼,재밌네요,개웃기네,왜,중,뭐야,1
699830,이거지롱,0.6286900374377111,0,40,107919,7817.039999999999,56.32911392405063,123234.87658227848,8794.260886075948,27,61979,7868.28,152,zpdl****,꿀잼,재밌네요,개웃기네,왜,중,뭐야,1
699830,이거지롱,0.6286900374377111,0,40,107919,7817.039999999999,56.32911392405063,123234.87658227848,8794.260886075948,40,59635,7817.039999999999,152,zpdl****,꿀잼,재밌네요,개웃기네,왜,중,뭐야,1
