id,title,5th,10th,first_positive_5,second_view_1,third_rating_people_5,first_positive_5_mean,second_view_1_mean,third_rating_people_5_mean,positive,view,rating_people,comment_writer_count,comment_writer,pos_keyword_1,pos_keyword_2,pos_keyword_3,neg_keyword_1,neg_keyword_2,neg_keyword_3,label
671376,이거지롱,0.7092387812231166,0,61,130202,8804.039999999999,56.32911392405063,123234.87658227848,8794.260886075948,70,130202,9524.95,370,zxcv****,빨리,와,웹툰으로,주인공,뭔가,게임이,1
671376,이거지롱,0.7092387812231166,0,61,130202,8804.039999999999,56.32911392405063,123234.87658227848,8794.260886075948,51,91239,9248.19,370,zxcv****,빨리,와,웹툰으로,주인공,뭔가,게임이,1
671376,이거지롱,0.7092387812231166,0,61,130202,8804.039999999999,56.32911392405063,123234.87658227848,8794.260886075948,85,84741,9830.52,370,zxcv****,빨리,와,웹툰으로,주인공,뭔가,게임이,1
671376,이거지롱,0.7092387812231166,0,61,130202,8804.039999999999,56.32911392405063,123234.87658227848,8794.260886075948,64,80350,9326.72,370,zxcv****,빨리,와,웹툰으로,주인공,뭔가,게임이,1
671376,이거지롱,0.7092387812231166,0,61,130202,8804.039999999999,56.32911392405063,123234.87658227848,8794.260886075948,61,80271,8804.039999999999,370,zxcv****,빨리,와,웹툰으로,주인공,뭔가,게임이,1
