id,title,5th,10th,first_positive_5,second_view_1,third_rating_people_5,first_positive_5_mean,second_view_1_mean,third_rating_people_5_mean,positive,view,rating_people,comment_writer_count,comment_writer,pos_keyword_1,pos_keyword_2,pos_keyword_3,neg_keyword_1,neg_keyword_2,neg_keyword_3,label
657803,이거지롱,0.74682960716973,0,155,1335085,43112.16,56.32911392405063,123234.87658227848,8794.260886075948,565,1335085,70397.02,1594,zzzz****,구름이,리메이크,헐,리메이크,뭔가,구름이,1
657803,이거지롱,0.74682960716973,0,155,1335085,43112.16,56.32911392405063,123234.87658227848,8794.260886075948,280,1077314,49903.880000000005,1594,zzzz****,구름이,리메이크,헐,리메이크,뭔가,구름이,1
657803,이거지롱,0.74682960716973,0,155,1335085,43112.16,56.32911392405063,123234.87658227848,8794.260886075948,336,1019164,57994.2,1594,zzzz****,구름이,리메이크,헐,리메이크,뭔가,구름이,1
657803,이거지롱,0.74682960716973,0,155,1335085,43112.16,56.32911392405063,123234.87658227848,8794.260886075948,167,957274,43867.2,1594,zzzz****,구름이,리메이크,헐,리메이크,뭔가,구름이,1
657803,이거지롱,0.74682960716973,0,155,1335085,43112.16,56.32911392405063,123234.87658227848,8794.260886075948,155,967537,43112.16,1594,zzzz****,구름이,리메이크,헐,리메이크,뭔가,구름이,1
