id,title,5th,10th,first_positive_5,second_view_1,third_rating_people_5,first_positive_5_mean,second_view_1_mean,third_rating_people_5_mean,positive,view,rating_people,comment_writer_count,comment_writer,pos_keyword_1,pos_keyword_2,pos_keyword_3,neg_keyword_1,neg_keyword_2,neg_keyword_3,label
651930,이거지롱,0.5623528166232815,0,15,59988,5819.320000000001,56.32911392405063,123234.87658227848,8794.260886075948,21,59988,6173.24,102,zjvl****,햄스터,햄스터는,귀여워요,햄스터한테,입양보내신분은,착한분이에요초딩이랑별개로,1
651930,이거지롱,0.5623528166232815,0,15,59988,5819.320000000001,56.32911392405063,123234.87658227848,8794.260886075948,9,58715,6137.5,102,zjvl****,햄스터,햄스터는,귀여워요,햄스터한테,입양보내신분은,착한분이에요초딩이랑별개로,1
651930,이거지롱,0.5623528166232815,0,15,59988,5819.320000000001,56.32911392405063,123234.87658227848,8794.260886075948,17,55717,5997.160000000001,102,zjvl****,햄스터,햄스터는,귀여워요,햄스터한테,입양보내신분은,착한분이에요초딩이랑별개로,1
651930,이거지롱,0.5623528166232815,0,15,59988,5819.320000000001,56.32911392405063,123234.87658227848,8794.260886075948,12,54053,6082.200000000001,102,zjvl****,햄스터,햄스터는,귀여워요,햄스터한테,입양보내신분은,착한분이에요초딩이랑별개로,1
651930,이거지롱,0.5623528166232815,0,15,59988,5819.320000000001,56.32911392405063,123234.87658227848,8794.260886075948,15,53200,5819.320000000001,102,zjvl****,햄스터,햄스터는,귀여워요,햄스터한테,입양보내신분은,착한분이에요초딩이랑별개로,1
