id,title,5th,10th,first_positive_5,second_view_1,third_rating_people_5,first_positive_5_mean,second_view_1_mean,third_rating_people_5_mean,positive,view,rating_people,comment_writer_count,comment_writer,pos_keyword_1,pos_keyword_2,pos_keyword_3,neg_keyword_1,neg_keyword_2,neg_keyword_3,label
635153,이거지롱,0.6348112837969693,0,88,20304,15450.62,56.32911392405063,123234.87658227848,8794.260886075948,69,20304,15393.78,498,zxs2****,와,주인공은,존잘,내가,내,아니,1
635153,이거지롱,0.6348112837969693,0,88,20304,15450.62,56.32911392405063,123234.87658227848,8794.260886075948,26,13134,13908.2,498,zxs2****,와,주인공은,존잘,내가,내,아니,1
635153,이거지롱,0.6348112837969693,0,88,20304,15450.62,56.32911392405063,123234.87658227848,8794.260886075948,36,6396,14937.9,498,zxs2****,와,주인공은,존잘,내가,내,아니,1
635153,이거지롱,0.6348112837969693,0,88,20304,15450.62,56.32911392405063,123234.87658227848,8794.260886075948,125,3211,15795.72,498,zxs2****,와,주인공은,존잘,내가,내,아니,1
635153,이거지롱,0.6348112837969693,0,88,20304,15450.62,56.32911392405063,123234.87658227848,8794.260886075948,88,1542,15450.62,498,zxs2****,와,주인공은,존잘,내가,내,아니,1
