id,title,5th,10th,first_positive_5,second_view_1,third_rating_people_5,first_positive_5_mean,second_view_1_mean,third_rating_people_5_mean,positive,view,rating_people,comment_writer_count,comment_writer,pos_keyword_1,pos_keyword_2,pos_keyword_3,neg_keyword_1,neg_keyword_2,neg_keyword_3,label
619959,이거지롱,0.6921312070682927,0,57,207894,8108.16,56.32911392405063,123234.87658227848,8794.260886075948,52,207894,9780.85,347,zzdd****,눈이,와,이렇게,뭔가,꽃이,현이,1
619959,이거지롱,0.6921312070682927,0,57,207894,8108.16,56.32911392405063,123234.87658227848,8794.260886075948,58,192871,9780.72,347,zzdd****,눈이,와,이렇게,뭔가,꽃이,현이,1
619959,이거지롱,0.6921312070682927,0,57,207894,8108.16,56.32911392405063,123234.87658227848,8794.260886075948,35,148791,8671.06,347,zzdd****,눈이,와,이렇게,뭔가,꽃이,현이,1
619959,이거지롱,0.6921312070682927,0,57,207894,8108.16,56.32911392405063,123234.87658227848,8794.260886075948,36,134285,8050.46,347,zzdd****,눈이,와,이렇게,뭔가,꽃이,현이,1
619959,이거지롱,0.6921312070682927,0,57,207894,8108.16,56.32911392405063,123234.87658227848,8794.260886075948,57,123654,8108.16,347,zzdd****,눈이,와,이렇게,뭔가,꽃이,현이,1
