id,title,5th,10th,first_positive_5,second_view_1,third_rating_people_5,first_positive_5_mean,second_view_1_mean,third_rating_people_5_mean,positive,view,rating_people,comment_writer_count,comment_writer,pos_keyword_1,pos_keyword_2,pos_keyword_3,neg_keyword_1,neg_keyword_2,neg_keyword_3,label
695236,이거지롱,0.6689022537246514,0,50,137901,5765.87,56.32911392405063,123234.87658227848,8794.260886075948,28,137901,7370.48,210,zxdc****,재밌어요,그림체,넘,뭔가,혜수,트리파,1
695236,이거지롱,0.6689022537246514,0,50,137901,5765.87,56.32911392405063,123234.87658227848,8794.260886075948,27,104830,7427.639999999999,210,zxdc****,재밌어요,그림체,넘,뭔가,혜수,트리파,1
695236,이거지롱,0.6689022537246514,0,50,137901,5765.87,56.32911392405063,123234.87658227848,8794.260886075948,16,96339,6623.1,210,zxdc****,재밌어요,그림체,넘,뭔가,혜수,트리파,1
695236,이거지롱,0.6689022537246514,0,50,137901,5765.87,56.32911392405063,123234.87658227848,8794.260886075948,57,89276,8314.49,210,zxdc****,재밌어요,그림체,넘,뭔가,혜수,트리파,1
695236,이거지롱,0.6689022537246514,0,50,137901,5765.87,56.32911392405063,123234.87658227848,8794.260886075948,50,64790,5765.87,210,zxdc****,재밌어요,그림체,넘,뭔가,혜수,트리파,1
