id,title,5th,10th,first_positive_5,second_view_1,third_rating_people_5,first_positive_5_mean,second_view_1_mean,third_rating_people_5_mean,positive,view,rating_people,comment_writer_count,comment_writer,pos_keyword_1,pos_keyword_2,pos_keyword_3,neg_keyword_1,neg_keyword_2,neg_keyword_3,label
662856,이거지롱,0.5498665964028566,0,15,365817,16195.83,56.32911392405063,123234.87658227848,8794.260886075948,61,365817,21040.32,226,zzzl****,웽,웽이,정주행,물,핸드폰,웽,1
662856,이거지롱,0.5498665964028566,0,15,365817,16195.83,56.32911392405063,123234.87658227848,8794.260886075948,39,331074,19750.72,226,zzzl****,웽,웽이,정주행,물,핸드폰,웽,1
662856,이거지롱,0.5498665964028566,0,15,365817,16195.83,56.32911392405063,123234.87658227848,8794.260886075948,35,301727,18046.11,226,zzzl****,웽,웽이,정주행,물,핸드폰,웽,1
662856,이거지롱,0.5498665964028566,0,15,365817,16195.83,56.32911392405063,123234.87658227848,8794.260886075948,16,280732,16493.73,226,zzzl****,웽,웽이,정주행,물,핸드폰,웽,1
662856,이거지롱,0.5498665964028566,0,15,365817,16195.83,56.32911392405063,123234.87658227848,8794.260886075948,15,262317,16195.83,226,zzzl****,웽,웽이,정주행,물,핸드폰,웽,1
