id,title,5th,10th,first_positive_5,second_view_1,third_rating_people_5,first_positive_5_mean,second_view_1_mean,third_rating_people_5_mean,positive,view,rating_people,comment_writer_count,comment_writer,pos_keyword_1,pos_keyword_2,pos_keyword_3,neg_keyword_1,neg_keyword_2,neg_keyword_3,label
686801,이거지롱,0.5048964679204806,0,22,417396,10008.9,56.32911392405063,123234.87658227848,8794.260886075948,39,417396,11701.8,195,zx50****,그림체,넘,재밌어요,컷에,아니,인스타에서,1
686801,이거지롱,0.5048964679204806,0,22,417396,10008.9,56.32911392405063,123234.87658227848,8794.260886075948,24,279034,10226.7,195,zx50****,그림체,넘,재밌어요,컷에,아니,인스타에서,1
686801,이거지롱,0.5048964679204806,0,22,417396,10008.9,56.32911392405063,123234.87658227848,8794.260886075948,22,221783,9484.8,195,zx50****,그림체,넘,재밌어요,컷에,아니,인스타에서,1
686801,이거지롱,0.5048964679204806,0,22,417396,10008.9,56.32911392405063,123234.87658227848,8794.260886075948,28,202879,9929.22,195,zx50****,그림체,넘,재밌어요,컷에,아니,인스타에서,1
686801,이거지롱,0.5048964679204806,0,22,417396,10008.9,56.32911392405063,123234.87658227848,8794.260886075948,22,191137,10008.9,195,zx50****,그림체,넘,재밌어요,컷에,아니,인스타에서,1
