id,title,5th,10th,first_positive_5,second_view_1,third_rating_people_5,first_positive_5_mean,second_view_1_mean,third_rating_people_5_mean,positive,view,rating_people,comment_writer_count,comment_writer,pos_keyword_1,pos_keyword_2,pos_keyword_3,neg_keyword_1,neg_keyword_2,neg_keyword_3,label
694144,이거지롱,0.7412452814943967,0,47,368469,18967.74,56.32911392405063,123234.87658227848,8794.260886075948,212,368469,25782.08,479,zxh8****,그림체,넘,완전,뭔가,보니까,피와나비,1
694144,이거지롱,0.7412452814943967,0,47,368469,18967.74,56.32911392405063,123234.87658227848,8794.260886075948,77,296635,21607.68,479,zxh8****,그림체,넘,완전,뭔가,보니까,피와나비,1
694144,이거지롱,0.7412452814943967,0,47,368469,18967.74,56.32911392405063,123234.87658227848,8794.260886075948,46,275778,20592.98,479,zxh8****,그림체,넘,완전,뭔가,보니까,피와나비,1
694144,이거지롱,0.7412452814943967,0,47,368469,18967.74,56.32911392405063,123234.87658227848,8794.260886075948,42,256407,19770.45,479,zxh8****,그림체,넘,완전,뭔가,보니까,피와나비,1
694144,이거지롱,0.7412452814943967,0,47,368469,18967.74,56.32911392405063,123234.87658227848,8794.260886075948,47,253214,18967.74,479,zxh8****,그림체,넘,완전,뭔가,보니까,피와나비,1
