id,title,5th,10th,first_positive_5,second_view_1,third_rating_people_5,first_positive_5_mean,second_view_1_mean,third_rating_people_5_mean,positive,view,rating_people,comment_writer_count,comment_writer,pos_keyword_1,pos_keyword_2,pos_keyword_3,neg_keyword_1,neg_keyword_2,neg_keyword_3,label
613693,이거지롱,0.672109057689596,0,50,3156,6444.900000000001,56.32911392405063,123234.87658227848,8794.260886075948,65,3156,7396.740000000001,717,zz03****,빨리,웹툰으로,넘,이게,뭔가,흑발,1
613693,이거지롱,0.672109057689596,0,50,3156,6444.900000000001,56.32911392405063,123234.87658227848,8794.260886075948,76,3278,8821.56,717,zz03****,빨리,웹툰으로,넘,이게,뭔가,흑발,1
613693,이거지롱,0.672109057689596,0,50,3156,6444.900000000001,56.32911392405063,123234.87658227848,8794.260886075948,61,1308,7311.200000000001,717,zz03****,빨리,웹툰으로,넘,이게,뭔가,흑발,1
613693,이거지롱,0.672109057689596,0,50,3156,6444.900000000001,56.32911392405063,123234.87658227848,8794.260886075948,111,508,7912.0,717,zz03****,빨리,웹툰으로,넘,이게,뭔가,흑발,1
613693,이거지롱,0.672109057689596,0,50,3156,6444.900000000001,56.32911392405063,123234.87658227848,8794.260886075948,50,336,6444.900000000001,717,zz03****,빨리,웹툰으로,넘,이게,뭔가,흑발,1
