id,title,5th,10th,first_positive_5,second_view_1,third_rating_people_5,first_positive_5_mean,second_view_1_mean,third_rating_people_5_mean,positive,view,rating_people,comment_writer_count,comment_writer,pos_keyword_1,pos_keyword_2,pos_keyword_3,neg_keyword_1,neg_keyword_2,neg_keyword_3,label
658182,이거지롱,0.7102140773803558,0,387,386012,37953.92,56.32911392405063,123234.87658227848,8794.260886075948,71,386012,36808.2,814,zzzz****,독수리,재밌어요,다시,독수리도,왜,솔직히,1
658182,이거지롱,0.7102140773803558,0,387,386012,37953.92,56.32911392405063,123234.87658227848,8794.260886075948,122,373208,32950.75,814,zzzz****,독수리,재밌어요,다시,독수리도,왜,솔직히,1
658182,이거지롱,0.7102140773803558,0,387,386012,37953.92,56.32911392405063,123234.87658227848,8794.260886075948,76,374113,32135.4,814,zzzz****,독수리,재밌어요,다시,독수리도,왜,솔직히,1
658182,이거지롱,0.7102140773803558,0,387,386012,37953.92,56.32911392405063,123234.87658227848,8794.260886075948,173,353392,37338.88,814,zzzz****,독수리,재밌어요,다시,독수리도,왜,솔직히,1
658182,이거지롱,0.7102140773803558,0,387,386012,37953.92,56.32911392405063,123234.87658227848,8794.260886075948,387,362872,37953.92,814,zzzz****,독수리,재밌어요,다시,독수리도,왜,솔직히,1
