id,title,5th,10th,first_positive_5,second_view_1,third_rating_people_5,first_positive_5_mean,second_view_1_mean,third_rating_people_5_mean,positive,view,rating_people,comment_writer_count,comment_writer,pos_keyword_1,pos_keyword_2,pos_keyword_3,neg_keyword_1,neg_keyword_2,neg_keyword_3,label
638118,이거지롱,0.7306127195213351,0,29,20623,5014.2300000000005,56.32911392405063,123234.87658227848,8794.260886075948,23,20623,5113.13,134,zxb8****,꿀잼,헐,와,응,지겨워,에서,1
638118,이거지롱,0.7306127195213351,0,29,20623,5014.2300000000005,56.32911392405063,123234.87658227848,8794.260886075948,21,7811,4702.5,134,zxb8****,꿀잼,헐,와,응,지겨워,에서,1
638118,이거지롱,0.7306127195213351,0,29,20623,5014.2300000000005,56.32911392405063,123234.87658227848,8794.260886075948,13,2325,4253.969999999999,134,zxb8****,꿀잼,헐,와,응,지겨워,에서,1
638118,이거지롱,0.7306127195213351,0,29,20623,5014.2300000000005,56.32911392405063,123234.87658227848,8794.260886075948,30,886,4623.84,134,zxb8****,꿀잼,헐,와,응,지겨워,에서,1
638118,이거지롱,0.7306127195213351,0,29,20623,5014.2300000000005,56.32911392405063,123234.87658227848,8794.260886075948,29,492,5014.2300000000005,134,zxb8****,꿀잼,헐,와,응,지겨워,에서,1
