id,title,5th,10th,first_positive_5,second_view_1,third_rating_people_5,first_positive_5_mean,second_view_1_mean,third_rating_people_5_mean,positive,view,rating_people,comment_writer_count,comment_writer,pos_keyword_1,pos_keyword_2,pos_keyword_3,neg_keyword_1,neg_keyword_2,neg_keyword_3,label
620219,이거지롱,0.7121886047250104,0,48,40322,15651.65,56.32911392405063,123234.87658227848,8794.260886075948,83,40322,16494.74,214,zmff****,왜,대박,웹툰으로,왜,이게,점이,1
620219,이거지롱,0.7121886047250104,0,48,40322,15651.65,56.32911392405063,123234.87658227848,8794.260886075948,27,25077,13697.28,214,zmff****,왜,대박,웹툰으로,왜,이게,점이,1
620219,이거지롱,0.7121886047250104,0,48,40322,15651.65,56.32911392405063,123234.87658227848,8794.260886075948,21,10640,13250.84,214,zmff****,왜,대박,웹툰으로,왜,이게,점이,1
620219,이거지롱,0.7121886047250104,0,48,40322,15651.65,56.32911392405063,123234.87658227848,8794.260886075948,52,3902,15371.74,214,zmff****,왜,대박,웹툰으로,왜,이게,점이,1
620219,이거지롱,0.7121886047250104,0,48,40322,15651.65,56.32911392405063,123234.87658227848,8794.260886075948,48,2344,15651.65,214,zmff****,왜,대박,웹툰으로,왜,이게,점이,1
