id,title,5th,10th,first_positive_5,second_view_1,third_rating_people_5,first_positive_5_mean,second_view_1_mean,third_rating_people_5_mean,positive,view,rating_people,comment_writer_count,comment_writer,pos_keyword_1,pos_keyword_2,pos_keyword_3,neg_keyword_1,neg_keyword_2,neg_keyword_3,label
693974,이거지롱,0.578508627357997,0,8,227200,12219.06,56.32911392405063,123234.87658227848,8794.260886075948,16,227200,9554.86,137,zotm****,넘,귀여워요,헐,보니,산부인과,뭔가,1
693974,이거지롱,0.578508627357997,0,8,227200,12219.06,56.32911392405063,123234.87658227848,8794.260886075948,12,289957,14227.2,137,zotm****,넘,귀여워요,헐,보니,산부인과,뭔가,1
693974,이거지롱,0.578508627357997,0,8,227200,12219.06,56.32911392405063,123234.87658227848,8794.260886075948,9,253059,11735.429999999998,137,zotm****,넘,귀여워요,헐,보니,산부인과,뭔가,1
693974,이거지롱,0.578508627357997,0,8,227200,12219.06,56.32911392405063,123234.87658227848,8794.260886075948,44,209899,13636.38,137,zotm****,넘,귀여워요,헐,보니,산부인과,뭔가,1
693974,이거지롱,0.578508627357997,0,8,227200,12219.06,56.32911392405063,123234.87658227848,8794.260886075948,8,184635,12219.06,137,zotm****,넘,귀여워요,헐,보니,산부인과,뭔가,1
