id,title,5th,10th,first_positive_5,second_view_1,third_rating_people_5,first_positive_5_mean,second_view_1_mean,third_rating_people_5_mean,positive,view,rating_people,comment_writer_count,comment_writer,pos_keyword_1,pos_keyword_2,pos_keyword_3,neg_keyword_1,neg_keyword_2,neg_keyword_3,label
629107,이거지롱,0.6882629230894763,0,304,69680,39983.37,56.32911392405063,123234.87658227848,8794.260886075948,221,69680,42563.9,1591,zzan****,장갑,공감,그냥,난,내가,나,1
629107,이거지롱,0.6882629230894763,0,304,69680,39983.37,56.32911392405063,123234.87658227848,8794.260886075948,165,40163,36803.52,1591,zzan****,장갑,공감,그냥,난,내가,나,1
629107,이거지롱,0.6882629230894763,0,304,69680,39983.37,56.32911392405063,123234.87658227848,8794.260886075948,125,20893,38031.6,1591,zzan****,장갑,공감,그냥,난,내가,나,1
629107,이거지롱,0.6882629230894763,0,304,69680,39983.37,56.32911392405063,123234.87658227848,8794.260886075948,166,15598,37029.61,1591,zzan****,장갑,공감,그냥,난,내가,나,1
629107,이거지롱,0.6882629230894763,0,304,69680,39983.37,56.32911392405063,123234.87658227848,8794.260886075948,304,9293,39983.37,1591,zzan****,장갑,공감,그냥,난,내가,나,1
