id,title,5th,10th,first_positive_5,second_view_1,third_rating_people_5,first_positive_5_mean,second_view_1_mean,third_rating_people_5_mean,positive,view,rating_people,comment_writer_count,comment_writer,pos_keyword_1,pos_keyword_2,pos_keyword_3,neg_keyword_1,neg_keyword_2,neg_keyword_3,label
689019,이거지롱,0.5048050647276344,0,9,194139,3671.64,56.32911392405063,123234.87658227848,8794.260886075948,11,194139,3957.6,79,zenn****,시작,있습니다,좋겠다,정상급,만화가가,심심해서,1
689019,이거지롱,0.5048050647276344,0,9,194139,3671.64,56.32911392405063,123234.87658227848,8794.260886075948,11,168468,4199.91,79,zenn****,시작,있습니다,좋겠다,정상급,만화가가,심심해서,1
689019,이거지롱,0.5048050647276344,0,9,194139,3671.64,56.32911392405063,123234.87658227848,8794.260886075948,5,133955,3537.8,79,zenn****,시작,있습니다,좋겠다,정상급,만화가가,심심해서,1
689019,이거지롱,0.5048050647276344,0,9,194139,3671.64,56.32911392405063,123234.87658227848,8794.260886075948,1,121495,3207.75,79,zenn****,시작,있습니다,좋겠다,정상급,만화가가,심심해서,1
689019,이거지롱,0.5048050647276344,0,9,194139,3671.64,56.32911392405063,123234.87658227848,8794.260886075948,9,101615,3671.64,79,zenn****,시작,있습니다,좋겠다,정상급,만화가가,심심해서,1
