id,title,5th,10th,first_positive_5,second_view_1,third_rating_people_5,first_positive_5_mean,second_view_1_mean,third_rating_people_5_mean,positive,view,rating_people,comment_writer_count,comment_writer,pos_keyword_1,pos_keyword_2,pos_keyword_3,neg_keyword_1,neg_keyword_2,neg_keyword_3,label
651926,이거지롱,0.4745999817988339,0,19,89319,2175.04,56.32911392405063,123234.87658227848,8794.260886075948,29,89319,3283.8300000000004,188,zx31****,오오,리메이크,강희,리메이크,뭔가,여주,1
651926,이거지롱,0.4745999817988339,0,19,89319,2175.04,56.32911392405063,123234.87658227848,8794.260886075948,8,55700,2400.0,188,zx31****,오오,리메이크,강희,리메이크,뭔가,여주,1
651926,이거지롱,0.4745999817988339,0,19,89319,2175.04,56.32911392405063,123234.87658227848,8794.260886075948,10,50994,2717.27,188,zx31****,오오,리메이크,강희,리메이크,뭔가,여주,1
651926,이거지롱,0.4745999817988339,0,19,89319,2175.04,56.32911392405063,123234.87658227848,8794.260886075948,17,42395,2575.48,188,zx31****,오오,리메이크,강희,리메이크,뭔가,여주,1
651926,이거지롱,0.4745999817988339,0,19,89319,2175.04,56.32911392405063,123234.87658227848,8794.260886075948,19,36329,2175.04,188,zx31****,오오,리메이크,강희,리메이크,뭔가,여주,1
