id,title,5th,10th,first_positive_5,second_view_1,third_rating_people_5,first_positive_5_mean,second_view_1_mean,third_rating_people_5_mean,positive,view,rating_people,comment_writer_count,comment_writer,pos_keyword_1,pos_keyword_2,pos_keyword_3,neg_keyword_1,neg_keyword_2,neg_keyword_3,label
629829,이거지롱,0.6882629230894763,0,64,9607,8042.7,56.32911392405063,123234.87658227848,8794.260886075948,71,9607,10959.39,714,zxsw****,비스트,장현승,이기광,뭔가,왜,이게,1
629829,이거지롱,0.6882629230894763,0,64,9607,8042.7,56.32911392405063,123234.87658227848,8794.260886075948,58,7619,10023.23,714,zxsw****,비스트,장현승,이기광,뭔가,왜,이게,1
629829,이거지롱,0.6882629230894763,0,64,9607,8042.7,56.32911392405063,123234.87658227848,8794.260886075948,51,2555,8791.15,714,zxsw****,비스트,장현승,이기광,뭔가,왜,이게,1
629829,이거지롱,0.6882629230894763,0,64,9607,8042.7,56.32911392405063,123234.87658227848,8794.260886075948,53,1148,8001.200000000001,714,zxsw****,비스트,장현승,이기광,뭔가,왜,이게,1
629829,이거지롱,0.6882629230894763,0,64,9607,8042.7,56.32911392405063,123234.87658227848,8794.260886075948,64,851,8042.7,714,zxsw****,비스트,장현승,이기광,뭔가,왜,이게,1
