id,title,5th,10th,first_positive_5,second_view_1,third_rating_people_5,first_positive_5_mean,second_view_1_mean,third_rating_people_5_mean,positive,view,rating_people,comment_writer_count,comment_writer,pos_keyword_1,pos_keyword_2,pos_keyword_3,neg_keyword_1,neg_keyword_2,neg_keyword_3,label
620077,이거지롱,0.6474288713132518,0,20,91018,2954.1200000000003,56.32911392405063,123234.87658227848,8794.260886075948,46,91018,4265.05,159,zzv3****,와,재밌어요,응원합니다,다시,뭔가,만화,1
620077,이거지롱,0.6474288713132518,0,20,91018,2954.1200000000003,56.32911392405063,123234.87658227848,8794.260886075948,25,63243,3746.8,159,zzv3****,와,재밌어요,응원합니다,다시,뭔가,만화,1
620077,이거지롱,0.6474288713132518,0,20,91018,2954.1200000000003,56.32911392405063,123234.87658227848,8794.260886075948,16,52187,3164.8,159,zzv3****,와,재밌어요,응원합니다,다시,뭔가,만화,1
620077,이거지롱,0.6474288713132518,0,20,91018,2954.1200000000003,56.32911392405063,123234.87658227848,8794.260886075948,27,50815,3411.56,159,zzv3****,와,재밌어요,응원합니다,다시,뭔가,만화,1
620077,이거지롱,0.6474288713132518,0,20,91018,2954.1200000000003,56.32911392405063,123234.87658227848,8794.260886075948,20,37127,2954.1200000000003,159,zzv3****,와,재밌어요,응원합니다,다시,뭔가,만화,1
