id,title,5th,10th,first_positive_5,second_view_1,third_rating_people_5,first_positive_5_mean,second_view_1_mean,third_rating_people_5_mean,positive,view,rating_people,comment_writer_count,comment_writer,pos_keyword_1,pos_keyword_2,pos_keyword_3,neg_keyword_1,neg_keyword_2,neg_keyword_3,label
659525,이거지롱,0.6455594732875062,0,27,215228,4237.92,56.32911392405063,123234.87658227848,8794.260886075948,61,215228,7761.6,226,zzag****,리메이크,드라마,옆동네로,이게,둘이,저승사자가,1
659525,이거지롱,0.6455594732875062,0,27,215228,4237.92,56.32911392405063,123234.87658227848,8794.260886075948,31,157795,6599.84,226,zzag****,리메이크,드라마,옆동네로,이게,둘이,저승사자가,1
659525,이거지롱,0.6455594732875062,0,27,215228,4237.92,56.32911392405063,123234.87658227848,8794.260886075948,44,141389,6939.900000000001,226,zzag****,리메이크,드라마,옆동네로,이게,둘이,저승사자가,1
659525,이거지롱,0.6455594732875062,0,27,215228,4237.92,56.32911392405063,123234.87658227848,8794.260886075948,25,131475,5616.03,226,zzag****,리메이크,드라마,옆동네로,이게,둘이,저승사자가,1
659525,이거지롱,0.6455594732875062,0,27,215228,4237.92,56.32911392405063,123234.87658227848,8794.260886075948,27,107358,4237.92,226,zzag****,리메이크,드라마,옆동네로,이게,둘이,저승사자가,1
