id,title,5th,10th,first_positive_5,second_view_1,third_rating_people_5,first_positive_5_mean,second_view_1_mean,third_rating_people_5_mean,positive,view,rating_people,comment_writer_count,comment_writer,pos_keyword_1,pos_keyword_2,pos_keyword_3,neg_keyword_1,neg_keyword_2,neg_keyword_3,label
689574,이거지롱,0.7295054371894947,0,125,249415,10659.6,56.32911392405063,123234.87658227848,8794.260886075948,136,249415,13380.84,628,zk13****,그림체,오늘도,좋아요,색이,남주,뭔가,1
689574,이거지롱,0.7295054371894947,0,125,249415,10659.6,56.32911392405063,123234.87658227848,8794.260886075948,58,174136,11411.4,628,zk13****,그림체,오늘도,좋아요,색이,남주,뭔가,1
689574,이거지롱,0.7295054371894947,0,125,249415,10659.6,56.32911392405063,123234.87658227848,8794.260886075948,118,146081,12438.920000000002,628,zk13****,그림체,오늘도,좋아요,색이,남주,뭔가,1
689574,이거지롱,0.7295054371894947,0,125,249415,10659.6,56.32911392405063,123234.87658227848,8794.260886075948,120,132446,10908.67,628,zk13****,그림체,오늘도,좋아요,색이,남주,뭔가,1
689574,이거지롱,0.7295054371894947,0,125,249415,10659.6,56.32911392405063,123234.87658227848,8794.260886075948,125,120304,10659.6,628,zk13****,그림체,오늘도,좋아요,색이,남주,뭔가,1
