id,title,5th,10th,first_positive_5,second_view_1,third_rating_people_5,first_positive_5_mean,second_view_1_mean,third_rating_people_5_mean,positive,view,rating_people,comment_writer_count,comment_writer,pos_keyword_1,pos_keyword_2,pos_keyword_3,neg_keyword_1,neg_keyword_2,neg_keyword_3,label
656114,이거지롱,0.480702942226012,0,17,346745,14271.27,56.32911392405063,123234.87658227848,8794.260886075948,27,346745,16031.69,142,zy_7****,아메리카노,알바,가요,알바,아메리카노,웃는,1
656114,이거지롱,0.480702942226012,0,17,346745,14271.27,56.32911392405063,123234.87658227848,8794.260886075948,18,350182,15434.1,142,zy_7****,아메리카노,알바,가요,알바,아메리카노,웃는,1
656114,이거지롱,0.480702942226012,0,17,346745,14271.27,56.32911392405063,123234.87658227848,8794.260886075948,10,338472,14587.75,142,zy_7****,아메리카노,알바,가요,알바,아메리카노,웃는,1
656114,이거지롱,0.480702942226012,0,17,346745,14271.27,56.32911392405063,123234.87658227848,8794.260886075948,12,333722,14414.4,142,zy_7****,아메리카노,알바,가요,알바,아메리카노,웃는,1
656114,이거지롱,0.480702942226012,0,17,346745,14271.27,56.32911392405063,123234.87658227848,8794.260886075948,17,325044,14271.27,142,zy_7****,아메리카노,알바,가요,알바,아메리카노,웃는,1
