id,title,5th,10th,first_positive_5,second_view_1,third_rating_people_5,first_positive_5_mean,second_view_1_mean,third_rating_people_5_mean,positive,view,rating_people,comment_writer_count,comment_writer,pos_keyword_1,pos_keyword_2,pos_keyword_3,neg_keyword_1,neg_keyword_2,neg_keyword_3,label
602180,이거지롱,0.6325764891013074,0,62,15584,12706.5,56.32911392405063,123234.87658227848,8794.260886075948,52,15584,12972.22,599,zzjh****,할머니,이제,교복이,난,나도,할머니,1
602180,이거지롱,0.6325764891013074,0,62,15584,12706.5,56.32911392405063,123234.87658227848,8794.260886075948,56,11256,14435.28,599,zzjh****,할머니,이제,교복이,난,나도,할머니,1
602180,이거지롱,0.6325764891013074,0,62,15584,12706.5,56.32911392405063,123234.87658227848,8794.260886075948,58,4026,14022.96,599,zzjh****,할머니,이제,교복이,난,나도,할머니,1
602180,이거지롱,0.6325764891013074,0,62,15584,12706.5,56.32911392405063,123234.87658227848,8794.260886075948,175,1382,16509.48,599,zzjh****,할머니,이제,교복이,난,나도,할머니,1
602180,이거지롱,0.6325764891013074,0,62,15584,12706.5,56.32911392405063,123234.87658227848,8794.260886075948,62,704,12706.5,599,zzjh****,할머니,이제,교복이,난,나도,할머니,1
