id,title,5th,10th,first_positive_5,second_view_1,third_rating_people_5,first_positive_5_mean,second_view_1_mean,third_rating_people_5_mean,positive,view,rating_people,comment_writer_count,comment_writer,pos_keyword_1,pos_keyword_2,pos_keyword_3,neg_keyword_1,neg_keyword_2,neg_keyword_3,label
608389,이거지롱,0.6243890931984002,0,24,345339,2252.6400000000003,56.32911392405063,123234.87658227848,8794.260886075948,44,345339,11309.2,452,zzxy****,내가,특별편,그리고,왜,나만,다른,1
608389,이거지롱,0.6243890931984002,0,24,345339,2252.6400000000003,56.32911392405063,123234.87658227848,8794.260886075948,61,136251,5508.7300000000005,452,zzxy****,내가,특별편,그리고,왜,나만,다른,1
608389,이거지롱,0.6243890931984002,0,24,345339,2252.6400000000003,56.32911392405063,123234.87658227848,8794.260886075948,41,103509,5577.96,452,zzxy****,내가,특별편,그리고,왜,나만,다른,1
608389,이거지롱,0.6243890931984002,0,24,345339,2252.6400000000003,56.32911392405063,123234.87658227848,8794.260886075948,65,92996,6606.799999999999,452,zzxy****,내가,특별편,그리고,왜,나만,다른,1
608389,이거지롱,0.6243890931984002,0,24,345339,2252.6400000000003,56.32911392405063,123234.87658227848,8794.260886075948,24,37853,2252.6400000000003,452,zzxy****,내가,특별편,그리고,왜,나만,다른,1
