id,title,5th,10th,first_positive_5,second_view_1,third_rating_people_5,first_positive_5_mean,second_view_1_mean,third_rating_people_5_mean,positive,view,rating_people,comment_writer_count,comment_writer,pos_keyword_1,pos_keyword_2,pos_keyword_3,neg_keyword_1,neg_keyword_2,neg_keyword_3,label
786879,이거지롱,0.685190802411088,0,47,46171,6172.36,56.32911392405063,123234.87658227848,8794.260886075948,52,46171,6951.299999999999,178,zoen****,넘,귀엽고,재밌어요,또,와,뭐야,1
786879,이거지롱,0.685190802411088,0,47,46171,6172.36,56.32911392405063,123234.87658227848,8794.260886075948,22,37555,5369.28,178,zoen****,넘,귀엽고,재밌어요,또,와,뭐야,1
786879,이거지롱,0.685190802411088,0,47,46171,6172.36,56.32911392405063,123234.87658227848,8794.260886075948,32,35194,5959.25,178,zoen****,넘,귀엽고,재밌어요,또,와,뭐야,1
786879,이거지롱,0.685190802411088,0,47,46171,6172.36,56.32911392405063,123234.87658227848,8794.260886075948,21,30303,5347.52,178,zoen****,넘,귀엽고,재밌어요,또,와,뭐야,1
786879,이거지롱,0.685190802411088,0,47,46171,6172.36,56.32911392405063,123234.87658227848,8794.260886075948,47,33173,6172.36,178,zoen****,넘,귀엽고,재밌어요,또,와,뭐야,1
