id,title,5th,10th,first_positive_5,second_view_1,third_rating_people_5,first_positive_5_mean,second_view_1_mean,third_rating_people_5_mean,positive,view,rating_people,comment_writer_count,comment_writer,pos_keyword_1,pos_keyword_2,pos_keyword_3,neg_keyword_1,neg_keyword_2,neg_keyword_3,label
736034,이거지롱,0.6080342582212978,0,8,10179,815.2800000000001,56.32911392405063,123234.87658227848,8794.260886075948,11,10179,1189.4399999999998,40,yici****,재밌어요,와,좋아요,뭔가,기대하게,만드는군,1
736034,이거지롱,0.6080342582212978,0,8,10179,815.2800000000001,56.32911392405063,123234.87658227848,8794.260886075948,0,5519,815.2800000000001,40,yici****,재밌어요,와,좋아요,뭔가,기대하게,만드는군,1
736034,이거지롱,0.6080342582212978,0,8,10179,815.2800000000001,56.32911392405063,123234.87658227848,8794.260886075948,8,4144,804.95,40,yici****,재밌어요,와,좋아요,뭔가,기대하게,만드는군,1
736034,이거지롱,0.6080342582212978,0,8,10179,815.2800000000001,56.32911392405063,123234.87658227848,8794.260886075948,10,3781,794.6400000000001,40,yici****,재밌어요,와,좋아요,뭔가,기대하게,만드는군,1
736034,이거지롱,0.6080342582212978,0,8,10179,815.2800000000001,56.32911392405063,123234.87658227848,8794.260886075948,8,3356,815.2800000000001,40,yici****,재밌어요,와,좋아요,뭔가,기대하게,만드는군,1
