id,title,5th,10th,first_positive_5,second_view_1,third_rating_people_5,first_positive_5_mean,second_view_1_mean,third_rating_people_5_mean,positive,view,rating_people,comment_writer_count,comment_writer,pos_keyword_1,pos_keyword_2,pos_keyword_3,neg_keyword_1,neg_keyword_2,neg_keyword_3,label
731056,이거지롱,0.619744317024923,0,18,22793,2124.2000000000003,56.32911392405063,123234.87658227848,8794.260886075948,48,22793,3024.56,89,ysoe****,재밌어요,예온이,빨리,무당집,외동딸인데,아빠가,1
731056,이거지롱,0.619744317024923,0,18,22793,2124.2000000000003,56.32911392405063,123234.87658227848,8794.260886075948,33,21324,2839.98,89,ysoe****,재밌어요,예온이,빨리,무당집,외동딸인데,아빠가,1
731056,이거지롱,0.619744317024923,0,18,22793,2124.2000000000003,56.32911392405063,123234.87658227848,8794.260886075948,33,16626,2943.27,89,ysoe****,재밌어요,예온이,빨리,무당집,외동딸인데,아빠가,1
731056,이거지롱,0.619744317024923,0,18,22793,2124.2000000000003,56.32911392405063,123234.87658227848,8794.260886075948,17,12597,2152.77,89,ysoe****,재밌어요,예온이,빨리,무당집,외동딸인데,아빠가,1
731056,이거지롱,0.619744317024923,0,18,22793,2124.2000000000003,56.32911392405063,123234.87658227848,8794.260886075948,18,13705,2124.2000000000003,89,ysoe****,재밌어요,예온이,빨리,무당집,외동딸인데,아빠가,1
