id,title,5th,10th,first_positive_5,second_view_1,third_rating_people_5,first_positive_5_mean,second_view_1_mean,third_rating_people_5_mean,positive,view,rating_people,comment_writer_count,comment_writer,pos_keyword_1,pos_keyword_2,pos_keyword_3,neg_keyword_1,neg_keyword_2,neg_keyword_3,label
767901,이거지롱,0.6502352189144486,0,23,27021,1368.0,56.32911392405063,123234.87658227848,8794.260886075948,54,27021,2320.0,138,zoor****,정식연재,넘,와,뭐야,왜,뭔가,1
767901,이거지롱,0.6502352189144486,0,23,27021,1368.0,56.32911392405063,123234.87658227848,8794.260886075948,28,16799,2008.72,138,zoor****,정식연재,넘,와,뭐야,왜,뭔가,1
767901,이거지롱,0.6502352189144486,0,23,27021,1368.0,56.32911392405063,123234.87658227848,8794.260886075948,20,13353,1691.55,138,zoor****,정식연재,넘,와,뭐야,왜,뭔가,1
767901,이거지롱,0.6502352189144486,0,23,27021,1368.0,56.32911392405063,123234.87658227848,8794.260886075948,24,12013,1540.35,138,zoor****,정식연재,넘,와,뭐야,왜,뭔가,1
767901,이거지롱,0.6502352189144486,0,23,27021,1368.0,56.32911392405063,123234.87658227848,8794.260886075948,23,11034,1368.0,138,zoor****,정식연재,넘,와,뭐야,왜,뭔가,1
