id,title,5th,10th,first_positive_5,second_view_1,third_rating_people_5,first_positive_5_mean,second_view_1_mean,third_rating_people_5_mean,positive,view,rating_people,comment_writer_count,comment_writer,pos_keyword_1,pos_keyword_2,pos_keyword_3,neg_keyword_1,neg_keyword_2,neg_keyword_3,label
706431,이거지롱,0.6042675532545588,0,33,183903,12142.52,56.32911392405063,123234.87658227848,8794.260886075948,79,183903,15425.1,164,zzan****,귀여워요,넘,다시,결혼하고,이게,베도에서,1
706431,이거지롱,0.6042675532545588,0,33,183903,12142.52,56.32911392405063,123234.87658227848,8794.260886075948,28,152120,12693.6,164,zzan****,귀여워요,넘,다시,결혼하고,이게,베도에서,1
706431,이거지롱,0.6042675532545588,0,33,183903,12142.52,56.32911392405063,123234.87658227848,8794.260886075948,29,145354,12687.44,164,zzan****,귀여워요,넘,다시,결혼하고,이게,베도에서,1
706431,이거지롱,0.6042675532545588,0,33,183903,12142.52,56.32911392405063,123234.87658227848,8794.260886075948,30,141030,12319.68,164,zzan****,귀여워요,넘,다시,결혼하고,이게,베도에서,1
706431,이거지롱,0.6042675532545588,0,33,183903,12142.52,56.32911392405063,123234.87658227848,8794.260886075948,33,133855,12142.52,164,zzan****,귀여워요,넘,다시,결혼하고,이게,베도에서,1
