id,title,5th,10th,first_positive_5,second_view_1,third_rating_people_5,first_positive_5_mean,second_view_1_mean,third_rating_people_5_mean,positive,view,rating_people,comment_writer_count,comment_writer,pos_keyword_1,pos_keyword_2,pos_keyword_3,neg_keyword_1,neg_keyword_2,neg_keyword_3,label
739168,이거지롱,0.62442258805891,0,16,109895,2838.8,56.32911392405063,123234.87658227848,8794.260886075948,44,109895,4864.0,146,yunj****,정식연재,그림체,와,이게,왜,그림,1
739168,이거지롱,0.62442258805891,0,16,109895,2838.8,56.32911392405063,123234.87658227848,8794.260886075948,23,75315,3309.93,146,yunj****,정식연재,그림체,와,이게,왜,그림,1
739168,이거지롱,0.62442258805891,0,16,109895,2838.8,56.32911392405063,123234.87658227848,8794.260886075948,21,48992,3038.75,146,yunj****,정식연재,그림체,와,이게,왜,그림,1
739168,이거지롱,0.62442258805891,0,16,109895,2838.8,56.32911392405063,123234.87658227848,8794.260886075948,21,39003,3049.83,146,yunj****,정식연재,그림체,와,이게,왜,그림,1
739168,이거지롱,0.62442258805891,0,16,109895,2838.8,56.32911392405063,123234.87658227848,8794.260886075948,16,34964,2838.8,146,yunj****,정식연재,그림체,와,이게,왜,그림,1
