id,title,5th,10th,first_positive_5,second_view_1,third_rating_people_5,first_positive_5_mean,second_view_1_mean,third_rating_people_5_mean,positive,view,rating_people,comment_writer_count,comment_writer,pos_keyword_1,pos_keyword_2,pos_keyword_3,neg_keyword_1,neg_keyword_2,neg_keyword_3,label
705715,이거지롱,0.6695761910817781,0,11,68386,1802.55,56.32911392405063,123234.87658227848,8794.260886075948,27,68386,3396.48,126,zzoe****,리메이크,왜,대작,왜,사람이,이해는,1
705715,이거지롱,0.6695761910817781,0,11,68386,1802.55,56.32911392405063,123234.87658227848,8794.260886075948,15,46998,2890.02,126,zzoe****,리메이크,왜,대작,왜,사람이,이해는,1
705715,이거지롱,0.6695761910817781,0,11,68386,1802.55,56.32911392405063,123234.87658227848,8794.260886075948,12,45226,2452.65,126,zzoe****,리메이크,왜,대작,왜,사람이,이해는,1
705715,이거지롱,0.6695761910817781,0,11,68386,1802.55,56.32911392405063,123234.87658227848,8794.260886075948,13,30569,1767.6,126,zzoe****,리메이크,왜,대작,왜,사람이,이해는,1
705715,이거지롱,0.6695761910817781,0,11,68386,1802.55,56.32911392405063,123234.87658227848,8794.260886075948,11,26665,1802.55,126,zzoe****,리메이크,왜,대작,왜,사람이,이해는,1
