id,title,5th,10th,first_positive_5,second_view_1,third_rating_people_5,first_positive_5_mean,second_view_1_mean,third_rating_people_5_mean,positive,view,rating_people,comment_writer_count,comment_writer,pos_keyword_1,pos_keyword_2,pos_keyword_3,neg_keyword_1,neg_keyword_2,neg_keyword_3,label
746056,이거지롱,0.6351033295986842,0,10,72337,1838.04,56.32911392405063,123234.87658227848,8794.260886075948,22,72337,2427.03,81,yjki****,와,헐,재밌어요,그냥,줄,알았는데,1
746056,이거지롱,0.6351033295986842,0,10,72337,1838.04,56.32911392405063,123234.87658227848,8794.260886075948,15,41124,1977.57,81,yjki****,와,헐,재밌어요,그냥,줄,알았는데,1
746056,이거지롱,0.6351033295986842,0,10,72337,1838.04,56.32911392405063,123234.87658227848,8794.260886075948,26,30236,2058.86,81,yjki****,와,헐,재밌어요,그냥,줄,알았는데,1
746056,이거지롱,0.6351033295986842,0,10,72337,1838.04,56.32911392405063,123234.87658227848,8794.260886075948,14,24818,1946.16,81,yjki****,와,헐,재밌어요,그냥,줄,알았는데,1
746056,이거지롱,0.6351033295986842,0,10,72337,1838.04,56.32911392405063,123234.87658227848,8794.260886075948,10,23024,1838.04,81,yjki****,와,헐,재밌어요,그냥,줄,알았는데,1
