id,title,5th,10th,first_positive_5,second_view_1,third_rating_people_5,first_positive_5_mean,second_view_1_mean,third_rating_people_5_mean,positive,view,rating_people,comment_writer_count,comment_writer,pos_keyword_1,pos_keyword_2,pos_keyword_3,neg_keyword_1,neg_keyword_2,neg_keyword_3,label
736405,이거지롱,0.6535322138273334,0,9,22076,1881.35,56.32911392405063,123234.87658227848,8794.260886075948,10,22076,2323.08,92,zizi****,넘,헐,왜,알아서,수학,해도,1
736405,이거지롱,0.6535322138273334,0,9,22076,1881.35,56.32911392405063,123234.87658227848,8794.260886075948,18,19807,2279.86,92,zizi****,넘,헐,왜,알아서,수학,해도,1
736405,이거지롱,0.6535322138273334,0,9,22076,1881.35,56.32911392405063,123234.87658227848,8794.260886075948,12,15185,2120.73,92,zizi****,넘,헐,왜,알아서,수학,해도,1
736405,이거지롱,0.6535322138273334,0,9,22076,1881.35,56.32911392405063,123234.87658227848,8794.260886075948,15,14022,1958.95,92,zizi****,넘,헐,왜,알아서,수학,해도,1
736405,이거지롱,0.6535322138273334,0,9,22076,1881.35,56.32911392405063,123234.87658227848,8794.260886075948,9,13935,1881.35,92,zizi****,넘,헐,왜,알아서,수학,해도,1
