id,title,5th,10th,first_positive_5,second_view_1,third_rating_people_5,first_positive_5_mean,second_view_1_mean,third_rating_people_5_mean,positive,view,rating_people,comment_writer_count,comment_writer,pos_keyword_1,pos_keyword_2,pos_keyword_3,neg_keyword_1,neg_keyword_2,neg_keyword_3,label
792314,이거지롱,0.6265011920100563,0,21,16566,724.1999999999999,56.32911392405063,123234.87658227848,8794.260886075948,12,16566,1047.86,52,zxcv****,재밌어요,배구를,다음화도,맘에,주인공,드네,1
792314,이거지롱,0.6265011920100563,0,21,16566,724.1999999999999,56.32911392405063,123234.87658227848,8794.260886075948,7,10246,753.42,52,zxcv****,재밌어요,배구를,다음화도,맘에,주인공,드네,1
792314,이거지롱,0.6265011920100563,0,21,16566,724.1999999999999,56.32911392405063,123234.87658227848,8794.260886075948,11,8266,827.45,52,zxcv****,재밌어요,배구를,다음화도,맘에,주인공,드네,1
792314,이거지롱,0.6265011920100563,0,21,16566,724.1999999999999,56.32911392405063,123234.87658227848,8794.260886075948,12,7185,603.36,52,zxcv****,재밌어요,배구를,다음화도,맘에,주인공,드네,1
792314,이거지롱,0.6265011920100563,0,21,16566,724.1999999999999,56.32911392405063,123234.87658227848,8794.260886075948,21,6839,724.1999999999999,52,zxcv****,재밌어요,배구를,다음화도,맘에,주인공,드네,1
