id,title,5th,10th,first_positive_5,second_view_1,third_rating_people_5,first_positive_5_mean,second_view_1_mean,third_rating_people_5_mean,positive,view,rating_people,comment_writer_count,comment_writer,pos_keyword_1,pos_keyword_2,pos_keyword_3,neg_keyword_1,neg_keyword_2,neg_keyword_3,label
710226,이거지롱,0.5795206773251415,0,11,36010,3555.85,56.32911392405063,123234.87658227848,8794.260886075948,15,36010,4465.76,60,yuun****,월요일,남일같지가,연차쓰고,사람,작가가,어려서,1
710226,이거지롱,0.5795206773251415,0,11,36010,3555.85,56.32911392405063,123234.87658227848,8794.260886075948,15,41501,4062.32,60,yuun****,월요일,남일같지가,연차쓰고,사람,작가가,어려서,1
710226,이거지롱,0.5795206773251415,0,11,36010,3555.85,56.32911392405063,123234.87658227848,8794.260886075948,11,31795,3765.8,60,yuun****,월요일,남일같지가,연차쓰고,사람,작가가,어려서,1
710226,이거지롱,0.5795206773251415,0,11,36010,3555.85,56.32911392405063,123234.87658227848,8794.260886075948,9,27532,3523.59,60,yuun****,월요일,남일같지가,연차쓰고,사람,작가가,어려서,1
710226,이거지롱,0.5795206773251415,0,11,36010,3555.85,56.32911392405063,123234.87658227848,8794.260886075948,11,27694,3555.85,60,yuun****,월요일,남일같지가,연차쓰고,사람,작가가,어려서,1
