id,title,5th,10th,first_positive_5,second_view_1,third_rating_people_5,first_positive_5_mean,second_view_1_mean,third_rating_people_5_mean,positive,view,rating_people,comment_writer_count,comment_writer,pos_keyword_1,pos_keyword_2,pos_keyword_3,neg_keyword_1,neg_keyword_2,neg_keyword_3,label
757564,이거지롱,0.5960942993401548,0,4,14199,692.25,56.32911392405063,123234.87658227848,8794.260886075948,11,14199,882.55,31,yhk3****,재밌어요,와,넘,오모오모,이게,왜,1
757564,이거지롱,0.5960942993401548,0,4,14199,692.25,56.32911392405063,123234.87658227848,8794.260886075948,9,11599,755.22,31,yhk3****,재밌어요,와,넘,오모오모,이게,왜,1
757564,이거지롱,0.5960942993401548,0,4,14199,692.25,56.32911392405063,123234.87658227848,8794.260886075948,14,7678,736.28,31,yhk3****,재밌어요,와,넘,오모오모,이게,왜,1
757564,이거지롱,0.5960942993401548,0,4,14199,692.25,56.32911392405063,123234.87658227848,8794.260886075948,7,5895,673.1999999999999,31,yhk3****,재밌어요,와,넘,오모오모,이게,왜,1
757564,이거지롱,0.5960942993401548,0,4,14199,692.25,56.32911392405063,123234.87658227848,8794.260886075948,4,5330,692.25,31,yhk3****,재밌어요,와,넘,오모오모,이게,왜,1
