id,title,5th,10th,first_positive_5,second_view_1,third_rating_people_5,first_positive_5_mean,second_view_1_mean,third_rating_people_5_mean,positive,view,rating_people,comment_writer_count,comment_writer,pos_keyword_1,pos_keyword_2,pos_keyword_3,neg_keyword_1,neg_keyword_2,neg_keyword_3,label
762370,이거지롱,0.6400339981073963,0,12,24859,1294.44,56.32911392405063,123234.87658227848,8794.260886075948,39,24859,1823.6,95,yunj****,와,품앗이,있어요,마지막,뭔가,난,1
762370,이거지롱,0.6400339981073963,0,12,24859,1294.44,56.32911392405063,123234.87658227848,8794.260886075948,13,15074,1513.64,95,yunj****,와,품앗이,있어요,마지막,뭔가,난,1
762370,이거지롱,0.6400339981073963,0,12,24859,1294.44,56.32911392405063,123234.87658227848,8794.260886075948,16,13513,1412.6699999999998,95,yunj****,와,품앗이,있어요,마지막,뭔가,난,1
762370,이거지롱,0.6400339981073963,0,12,24859,1294.44,56.32911392405063,123234.87658227848,8794.260886075948,13,10986,1315.12,95,yunj****,와,품앗이,있어요,마지막,뭔가,난,1
762370,이거지롱,0.6400339981073963,0,12,24859,1294.44,56.32911392405063,123234.87658227848,8794.260886075948,12,9873,1294.44,95,yunj****,와,품앗이,있어요,마지막,뭔가,난,1
