id,title,5th,10th,first_positive_5,second_view_1,third_rating_people_5,first_positive_5_mean,second_view_1_mean,third_rating_people_5_mean,positive,view,rating_people,comment_writer_count,comment_writer,pos_keyword_1,pos_keyword_2,pos_keyword_3,neg_keyword_1,neg_keyword_2,neg_keyword_3,label
734615,이거지롱,0.5600935224046122,0,8,31571,2244.2000000000003,56.32911392405063,123234.87658227848,8794.260886075948,20,31571,2816.64,74,yogi****,지아,빨리,와,어떻게,가슴주머니로,죽은,1
734615,이거지롱,0.5600935224046122,0,8,31571,2244.2000000000003,56.32911392405063,123234.87658227848,8794.260886075948,10,24298,2505.75,74,yogi****,지아,빨리,와,어떻게,가슴주머니로,죽은,1
734615,이거지롱,0.5600935224046122,0,8,31571,2244.2000000000003,56.32911392405063,123234.87658227848,8794.260886075948,14,22584,2344.8,74,yogi****,지아,빨리,와,어떻게,가슴주머니로,죽은,1
734615,이거지롱,0.5600935224046122,0,8,31571,2244.2000000000003,56.32911392405063,123234.87658227848,8794.260886075948,4,21757,2299.08,74,yogi****,지아,빨리,와,어떻게,가슴주머니로,죽은,1
734615,이거지롱,0.5600935224046122,0,8,31571,2244.2000000000003,56.32911392405063,123234.87658227848,8794.260886075948,8,21073,2244.2000000000003,74,yogi****,지아,빨리,와,어떻게,가슴주머니로,죽은,1
