id,title,5th,10th,first_positive_5,second_view_1,third_rating_people_5,first_positive_5_mean,second_view_1_mean,third_rating_people_5_mean,positive,view,rating_people,comment_writer_count,comment_writer,pos_keyword_1,pos_keyword_2,pos_keyword_3,neg_keyword_1,neg_keyword_2,neg_keyword_3,label
727693,이거지롱,0.5331125218357562,0,25,75664,2249.08,56.32911392405063,123234.87658227848,8794.260886075948,27,75664,3024.18,108,zgok****,좋아요,곱창,맛있겠다,여자,표정,뭐야,1
727693,이거지롱,0.5331125218357562,0,25,75664,2249.08,56.32911392405063,123234.87658227848,8794.260886075948,21,67505,2861.9999999999995,108,zgok****,좋아요,곱창,맛있겠다,여자,표정,뭐야,1
727693,이거지롱,0.5331125218357562,0,25,75664,2249.08,56.32911392405063,123234.87658227848,8794.260886075948,10,49495,2468.27,108,zgok****,좋아요,곱창,맛있겠다,여자,표정,뭐야,1
727693,이거지롱,0.5331125218357562,0,25,75664,2249.08,56.32911392405063,123234.87658227848,8794.260886075948,12,50165,2507.08,108,zgok****,좋아요,곱창,맛있겠다,여자,표정,뭐야,1
727693,이거지롱,0.5331125218357562,0,25,75664,2249.08,56.32911392405063,123234.87658227848,8794.260886075948,25,44859,2249.08,108,zgok****,좋아요,곱창,맛있겠다,여자,표정,뭐야,1
