id,title,5th,10th,first_positive_5,second_view_1,third_rating_people_5,first_positive_5_mean,second_view_1_mean,third_rating_people_5_mean,positive,view,rating_people,comment_writer_count,comment_writer,pos_keyword_1,pos_keyword_2,pos_keyword_3,neg_keyword_1,neg_keyword_2,neg_keyword_3,label
700260,이거지롱,0.6725366173453655,0,7,66710,3299.75,56.32911392405063,123234.87658227848,8794.260886075948,18,66710,4057.28,66,zxw9****,귀여워,귀엽다,넘,은근,종독성있다,None,1
700260,이거지롱,0.6725366173453655,0,7,66710,3299.75,56.32911392405063,123234.87658227848,8794.260886075948,17,46193,4003.64,66,zxw9****,귀여워,귀엽다,넘,은근,종독성있다,None,1
700260,이거지롱,0.6725366173453655,0,7,66710,3299.75,56.32911392405063,123234.87658227848,8794.260886075948,13,40521,3734.64,66,zxw9****,귀여워,귀엽다,넘,은근,종독성있다,None,1
700260,이거지롱,0.6725366173453655,0,7,66710,3299.75,56.32911392405063,123234.87658227848,8794.260886075948,14,41782,3675.36,66,zxw9****,귀여워,귀엽다,넘,은근,종독성있다,None,1
700260,이거지롱,0.6725366173453655,0,7,66710,3299.75,56.32911392405063,123234.87658227848,8794.260886075948,7,36195,3299.75,66,zxw9****,귀여워,귀엽다,넘,은근,종독성있다,None,1
