id,title,5th,10th,first_positive_5,second_view_1,third_rating_people_5,first_positive_5_mean,second_view_1_mean,third_rating_people_5_mean,positive,view,rating_people,comment_writer_count,comment_writer,pos_keyword_1,pos_keyword_2,pos_keyword_3,neg_keyword_1,neg_keyword_2,neg_keyword_3,label
752837,이거지롱,0.5537236183426933,0,4,79098,842.65,56.32911392405063,123234.87658227848,8794.260886075948,15,79098,1783.32,68,ywyj****,화이팅,최강자전,떨어져서,왜,암것두,안보이는데,1
752837,이거지롱,0.5537236183426933,0,4,79098,842.65,56.32911392405063,123234.87658227848,8794.260886075948,7,57287,1205.55,68,ywyj****,화이팅,최강자전,떨어져서,왜,암것두,안보이는데,1
752837,이거지롱,0.5537236183426933,0,4,79098,842.65,56.32911392405063,123234.87658227848,8794.260886075948,4,36599,1032.84,68,ywyj****,화이팅,최강자전,떨어져서,왜,암것두,안보이는데,1
752837,이거지롱,0.5537236183426933,0,4,79098,842.65,56.32911392405063,123234.87658227848,8794.260886075948,9,26803,942.9,68,ywyj****,화이팅,최강자전,떨어져서,왜,암것두,안보이는데,1
752837,이거지롱,0.5537236183426933,0,4,79098,842.65,56.32911392405063,123234.87658227848,8794.260886075948,4,22238,842.65,68,ywyj****,화이팅,최강자전,떨어져서,왜,암것두,안보이는데,1
