id,title,5th,10th,first_positive_5,second_view_1,third_rating_people_5,first_positive_5_mean,second_view_1_mean,third_rating_people_5_mean,positive,view,rating_people,comment_writer_count,comment_writer,pos_keyword_1,pos_keyword_2,pos_keyword_3,neg_keyword_1,neg_keyword_2,neg_keyword_3,label
718414,이거지롱,0.6335547251683228,0,3,157445,564.86,56.32911392405063,123234.87658227848,8794.260886075948,25,157445,2496.86,47,yolo****,와,이렇게,최강자전에서,아직,그는,사진,1
718414,이거지롱,0.6335547251683228,0,3,157445,564.86,56.32911392405063,123234.87658227848,8794.260886075948,11,96739,1117.41,47,yolo****,와,이렇게,최강자전에서,아직,그는,사진,1
718414,이거지롱,0.6335547251683228,0,3,157445,564.86,56.32911392405063,123234.87658227848,8794.260886075948,7,43810,876.06,47,yolo****,와,이렇게,최강자전에서,아직,그는,사진,1
718414,이거지롱,0.6335547251683228,0,3,157445,564.86,56.32911392405063,123234.87658227848,8794.260886075948,7,25498,732.3299999999999,47,yolo****,와,이렇게,최강자전에서,아직,그는,사진,1
718414,이거지롱,0.6335547251683228,0,3,157445,564.86,56.32911392405063,123234.87658227848,8794.260886075948,3,20389,564.86,47,yolo****,와,이렇게,최강자전에서,아직,그는,사진,1
