id,title,5th,10th,first_positive_5,second_view_1,third_rating_people_5,first_positive_5_mean,second_view_1_mean,third_rating_people_5_mean,positive,view,rating_people,comment_writer_count,comment_writer,pos_keyword_1,pos_keyword_2,pos_keyword_3,neg_keyword_1,neg_keyword_2,neg_keyword_3,label
720228,이거지롱,0.5958395718517475,0,9,23594,1221.4,56.32911392405063,123234.87658227848,8794.260886075948,13,23594,1654.5099999999998,38,zbsh****,재밌어요,정식연재,곰,큰,만화적,어용이라고,1
720228,이거지롱,0.5958395718517475,0,9,23594,1221.4,56.32911392405063,123234.87658227848,8794.260886075948,9,18348,1282.4899999999998,38,zbsh****,재밌어요,정식연재,곰,큰,만화적,어용이라고,1
720228,이거지롱,0.5958395718517475,0,9,23594,1221.4,56.32911392405063,123234.87658227848,8794.260886075948,3,16636,1182.1699999999998,38,zbsh****,재밌어요,정식연재,곰,큰,만화적,어용이라고,1
720228,이거지롱,0.5958395718517475,0,9,23594,1221.4,56.32911392405063,123234.87658227848,8794.260886075948,7,15321,1290.9,38,zbsh****,재밌어요,정식연재,곰,큰,만화적,어용이라고,1
720228,이거지롱,0.5958395718517475,0,9,23594,1221.4,56.32911392405063,123234.87658227848,8794.260886075948,9,15114,1221.4,38,zbsh****,재밌어요,정식연재,곰,큰,만화적,어용이라고,1
