id,title,5th,10th,first_positive_5,second_view_1,third_rating_people_5,first_positive_5_mean,second_view_1_mean,third_rating_people_5_mean,positive,view,rating_people,comment_writer_count,comment_writer,pos_keyword_1,pos_keyword_2,pos_keyword_3,neg_keyword_1,neg_keyword_2,neg_keyword_3,label
70872,이거지롱,0.6997471138178204,0,112,42000,14552.16,56.32911392405063,123234.87658227848,8794.260886075948,196,42000,17952.84,506,zena****,홍조,정주행,좋아요,왜,계속,왔는데,1
70872,이거지롱,0.6997471138178204,0,112,42000,14552.16,56.32911392405063,123234.87658227848,8794.260886075948,58,23864,15178.24,506,zena****,홍조,정주행,좋아요,왜,계속,왔는데,1
70872,이거지롱,0.6997471138178204,0,112,42000,14552.16,56.32911392405063,123234.87658227848,8794.260886075948,72,15727,14458.19,506,zena****,홍조,정주행,좋아요,왜,계속,왔는데,1
70872,이거지롱,0.6997471138178204,0,112,42000,14552.16,56.32911392405063,123234.87658227848,8794.260886075948,116,12895,14594.13,506,zena****,홍조,정주행,좋아요,왜,계속,왔는데,1
70872,이거지롱,0.6997471138178204,0,112,42000,14552.16,56.32911392405063,123234.87658227848,8794.260886075948,112,11485,14552.16,506,zena****,홍조,정주행,좋아요,왜,계속,왔는데,1
