id,title,5th,10th,first_positive_5,second_view_1,third_rating_people_5,first_positive_5_mean,second_view_1_mean,third_rating_people_5_mean,positive,view,rating_people,comment_writer_count,comment_writer,pos_keyword_1,pos_keyword_2,pos_keyword_3,neg_keyword_1,neg_keyword_2,neg_keyword_3,label
755833,이거지롱,0.6139948146052057,0,17,74107,2480.4,56.32911392405063,123234.87658227848,8794.260886075948,24,74107,3249.72,123,yunj****,와,재밌게,그림체,경민이,ㄹㅇ,뭔가,1
755833,이거지롱,0.6139948146052057,0,17,74107,2480.4,56.32911392405063,123234.87658227848,8794.260886075948,20,48837,2558.52,123,yunj****,와,재밌게,그림체,경민이,ㄹㅇ,뭔가,1
755833,이거지롱,0.6139948146052057,0,17,74107,2480.4,56.32911392405063,123234.87658227848,8794.260886075948,10,40576,2115.0,123,yunj****,와,재밌게,그림체,경민이,ㄹㅇ,뭔가,1
755833,이거지롱,0.6139948146052057,0,17,74107,2480.4,56.32911392405063,123234.87658227848,8794.260886075948,23,36933,2122.83,123,yunj****,와,재밌게,그림체,경민이,ㄹㅇ,뭔가,1
755833,이거지롱,0.6139948146052057,0,17,74107,2480.4,56.32911392405063,123234.87658227848,8794.260886075948,17,35857,2480.4,123,yunj****,와,재밌게,그림체,경민이,ㄹㅇ,뭔가,1
