id,title,5th,10th,first_positive_5,second_view_1,third_rating_people_5,first_positive_5_mean,second_view_1_mean,third_rating_people_5_mean,positive,view,rating_people,comment_writer_count,comment_writer,pos_keyword_1,pos_keyword_2,pos_keyword_3,neg_keyword_1,neg_keyword_2,neg_keyword_3,label
758233,이거지롱,0.6623954091784531,0,12,29221,2132.04,56.32911392405063,123234.87658227848,8794.260886075948,25,29221,2298.9,76,zuck****,재밌어요,그림체,화이팅,얼굴이,뭐야,나중에,1
758233,이거지롱,0.6623954091784531,0,12,29221,2132.04,56.32911392405063,123234.87658227848,8794.260886075948,20,22658,1844.9,76,zuck****,재밌어요,그림체,화이팅,얼굴이,뭐야,나중에,1
758233,이거지롱,0.6623954091784531,0,12,29221,2132.04,56.32911392405063,123234.87658227848,8794.260886075948,15,19700,1791.9,76,zuck****,재밌어요,그림체,화이팅,얼굴이,뭐야,나중에,1
758233,이거지롱,0.6623954091784531,0,12,29221,2132.04,56.32911392405063,123234.87658227848,8794.260886075948,19,19775,1681.3000000000002,76,zuck****,재밌어요,그림체,화이팅,얼굴이,뭐야,나중에,1
758233,이거지롱,0.6623954091784531,0,12,29221,2132.04,56.32911392405063,123234.87658227848,8794.260886075948,12,20102,2132.04,76,zuck****,재밌어요,그림체,화이팅,얼굴이,뭐야,나중에,1
