id,title,5th,10th,first_positive_5,second_view_1,third_rating_people_5,first_positive_5_mean,second_view_1_mean,third_rating_people_5_mean,positive,view,rating_people,comment_writer_count,comment_writer,pos_keyword_1,pos_keyword_2,pos_keyword_3,neg_keyword_1,neg_keyword_2,neg_keyword_3,label
766257,이거지롱,0.6043798761540967,0,14,16404,792.9399999999999,56.32911392405063,123234.87658227848,8794.260886075948,47,16404,1856.66,77,zzan****,와,재밌어요,기대하겠습니다,None,None,None,1
766257,이거지롱,0.6043798761540967,0,14,16404,792.9399999999999,56.32911392405063,123234.87658227848,8794.260886075948,9,7801,1097.1,77,zzan****,와,재밌어요,기대하겠습니다,None,None,None,1
766257,이거지롱,0.6043798761540967,0,14,16404,792.9399999999999,56.32911392405063,123234.87658227848,8794.260886075948,7,5504,846.0,77,zzan****,와,재밌어요,기대하겠습니다,None,None,None,1
766257,이거지롱,0.6043798761540967,0,14,16404,792.9399999999999,56.32911392405063,123234.87658227848,8794.260886075948,18,4842,901.6,77,zzan****,와,재밌어요,기대하겠습니다,None,None,None,1
766257,이거지롱,0.6043798761540967,0,14,16404,792.9399999999999,56.32911392405063,123234.87658227848,8794.260886075948,14,4109,792.9399999999999,77,zzan****,와,재밌어요,기대하겠습니다,None,None,None,1
