id,title,5th,10th,first_positive_5,second_view_1,third_rating_people_5,first_positive_5_mean,second_view_1_mean,third_rating_people_5_mean,positive,view,rating_people,comment_writer_count,comment_writer,pos_keyword_1,pos_keyword_2,pos_keyword_3,neg_keyword_1,neg_keyword_2,neg_keyword_3,label
749606,이거지롱,0.6458188810383622,0,42,38655,1806.42,56.32911392405063,123234.87658227848,8794.260886075948,17,38655,1765.13,158,zvxb****,정식연재,와,이건,본래,씀,없는데,1
749606,이거지롱,0.6458188810383622,0,42,38655,1806.42,56.32911392405063,123234.87658227848,8794.260886075948,5,21009,1426.9499999999998,158,zvxb****,정식연재,와,이건,본래,씀,없는데,1
749606,이거지롱,0.6458188810383622,0,42,38655,1806.42,56.32911392405063,123234.87658227848,8794.260886075948,7,18126,1348.49,158,zvxb****,정식연재,와,이건,본래,씀,없는데,1
749606,이거지롱,0.6458188810383622,0,42,38655,1806.42,56.32911392405063,123234.87658227848,8794.260886075948,10,18116,1456.56,158,zvxb****,정식연재,와,이건,본래,씀,없는데,1
749606,이거지롱,0.6458188810383622,0,42,38655,1806.42,56.32911392405063,123234.87658227848,8794.260886075948,42,18155,1806.42,158,zvxb****,정식연재,와,이건,본래,씀,없는데,1
