id,title,5th,10th,first_positive_5,second_view_1,third_rating_people_5,first_positive_5_mean,second_view_1_mean,third_rating_people_5_mean,positive,view,rating_people,comment_writer_count,comment_writer,pos_keyword_1,pos_keyword_2,pos_keyword_3,neg_keyword_1,neg_keyword_2,neg_keyword_3,label
717561,이거지롱,0.6708058853925688,0,24,185626,5093.35,56.32911392405063,123234.87658227848,8794.260886075948,46,185626,7286.44,188,zxcv****,남주,정식연재,그림체,어,이거저만오륜가,아예없는데요,1
717561,이거지롱,0.6708058853925688,0,24,185626,5093.35,56.32911392405063,123234.87658227848,8794.260886075948,19,109533,5327.86,188,zxcv****,남주,정식연재,그림체,어,이거저만오륜가,아예없는데요,1
717561,이거지롱,0.6708058853925688,0,24,185626,5093.35,56.32911392405063,123234.87658227848,8794.260886075948,45,88956,6068.76,188,zxcv****,남주,정식연재,그림체,어,이거저만오륜가,아예없는데요,1
717561,이거지롱,0.6708058853925688,0,24,185626,5093.35,56.32911392405063,123234.87658227848,8794.260886075948,30,78827,6555.02,188,zxcv****,남주,정식연재,그림체,어,이거저만오륜가,아예없는데요,1
717561,이거지롱,0.6708058853925688,0,24,185626,5093.35,56.32911392405063,123234.87658227848,8794.260886075948,24,76258,5093.35,188,zxcv****,남주,정식연재,그림체,어,이거저만오륜가,아예없는데요,1
