id,title,5th,10th,first_positive_5,second_view_1,third_rating_people_5,first_positive_5_mean,second_view_1_mean,third_rating_people_5_mean,positive,view,rating_people,comment_writer_count,comment_writer,pos_keyword_1,pos_keyword_2,pos_keyword_3,neg_keyword_1,neg_keyword_2,neg_keyword_3,label
734410,이거지롱,0.7268097416933947,0,58,116169,4658.639999999999,56.32911392405063,123234.87658227848,8794.260886075948,29,116169,3894.57,112,zooh****,넘,남주,재밌어요,약간,고모,뭘,1
734410,이거지롱,0.7268097416933947,0,58,116169,4658.639999999999,56.32911392405063,123234.87658227848,8794.260886075948,17,79445,3595.25,112,zooh****,넘,남주,재밌어요,약간,고모,뭘,1
734410,이거지롱,0.7268097416933947,0,58,116169,4658.639999999999,56.32911392405063,123234.87658227848,8794.260886075948,22,72377,3511.68,112,zooh****,넘,남주,재밌어요,약간,고모,뭘,1
734410,이거지롱,0.7268097416933947,0,58,116169,4658.639999999999,56.32911392405063,123234.87658227848,8794.260886075948,15,69241,3155.2,112,zooh****,넘,남주,재밌어요,약간,고모,뭘,1
734410,이거지롱,0.7268097416933947,0,58,116169,4658.639999999999,56.32911392405063,123234.87658227848,8794.260886075948,58,68561,4658.639999999999,112,zooh****,넘,남주,재밌어요,약간,고모,뭘,1
