id,title,5th,10th,first_positive_5,second_view_1,third_rating_people_5,first_positive_5_mean,second_view_1_mean,third_rating_people_5_mean,positive,view,rating_people,comment_writer_count,comment_writer,pos_keyword_1,pos_keyword_2,pos_keyword_3,neg_keyword_1,neg_keyword_2,neg_keyword_3,label
773477,이거지롱,0.6342287230393863,0,3,6582,1041.6,56.32911392405063,123234.87658227848,8794.260886075948,5,6582,1263.36,17,yeah****,귀여워요,그림체가,그림체,None,None,None,1
773477,이거지롱,0.6342287230393863,0,3,6582,1041.6,56.32911392405063,123234.87658227848,8794.260886075948,4,5974,1159.94,17,yeah****,귀여워요,그림체가,그림체,None,None,None,1
773477,이거지롱,0.6342287230393863,0,3,6582,1041.6,56.32911392405063,123234.87658227848,8794.260886075948,8,4634,1152.45,17,yeah****,귀여워요,그림체가,그림체,None,None,None,1
773477,이거지롱,0.6342287230393863,0,3,6582,1041.6,56.32911392405063,123234.87658227848,8794.260886075948,2,3703,1070.38,17,yeah****,귀여워요,그림체가,그림체,None,None,None,1
773477,이거지롱,0.6342287230393863,0,3,6582,1041.6,56.32911392405063,123234.87658227848,8794.260886075948,3,3239,1041.6,17,yeah****,귀여워요,그림체가,그림체,None,None,None,1
