id,title,5th,10th,first_positive_5,second_view_1,third_rating_people_5,first_positive_5_mean,second_view_1_mean,third_rating_people_5_mean,positive,view,rating_people,comment_writer_count,comment_writer,pos_keyword_1,pos_keyword_2,pos_keyword_3,neg_keyword_1,neg_keyword_2,neg_keyword_3,label
772755,이거지롱,0.6304291001711138,0,3,12020,582.08,56.32911392405063,123234.87658227848,8794.260886075948,6,12020,876.75,16,whan****,재밌어요,도윤이,기대되네요,None,None,None,1
772755,이거지롱,0.6304291001711138,0,3,12020,582.08,56.32911392405063,123234.87658227848,8794.260886075948,4,6057,621.9599999999999,16,whan****,재밌어요,도윤이,기대되네요,None,None,None,1
772755,이거지롱,0.6304291001711138,0,3,12020,582.08,56.32911392405063,123234.87658227848,8794.260886075948,3,2972,603.7099999999999,16,whan****,재밌어요,도윤이,기대되네요,None,None,None,1
772755,이거지롱,0.6304291001711138,0,3,12020,582.08,56.32911392405063,123234.87658227848,8794.260886075948,4,2255,601.3,16,whan****,재밌어요,도윤이,기대되네요,None,None,None,1
772755,이거지롱,0.6304291001711138,0,3,12020,582.08,56.32911392405063,123234.87658227848,8794.260886075948,3,2321,582.08,16,whan****,재밌어요,도윤이,기대되네요,None,None,None,1
