id,title,5th,10th,first_positive_5,second_view_1,third_rating_people_5,first_positive_5_mean,second_view_1_mean,third_rating_people_5_mean,positive,view,rating_people,comment_writer_count,comment_writer,pos_keyword_1,pos_keyword_2,pos_keyword_3,neg_keyword_1,neg_keyword_2,neg_keyword_3,label
767661,이거지롱,0.7126084466306977,0,23,67848,3653.1,56.32911392405063,123234.87658227848,8794.260886075948,78,67848,5187.0,196,zxcm****,정식연재,와,수호령,와,ㄹㅇ,잠이,1
767661,이거지롱,0.7126084466306977,0,23,67848,3653.1,56.32911392405063,123234.87658227848,8794.260886075948,38,44262,4296.6,196,zxcm****,정식연재,와,수호령,와,ㄹㅇ,잠이,1
767661,이거지롱,0.7126084466306977,0,23,67848,3653.1,56.32911392405063,123234.87658227848,8794.260886075948,22,39239,3808.08,196,zxcm****,정식연재,와,수호령,와,ㄹㅇ,잠이,1
767661,이거지롱,0.7126084466306977,0,23,67848,3653.1,56.32911392405063,123234.87658227848,8794.260886075948,18,36300,3427.8,196,zxcm****,정식연재,와,수호령,와,ㄹㅇ,잠이,1
767661,이거지롱,0.7126084466306977,0,23,67848,3653.1,56.32911392405063,123234.87658227848,8794.260886075948,23,34828,3653.1,196,zxcm****,정식연재,와,수호령,와,ㄹㅇ,잠이,1
