id,title,5th,10th,first_positive_5,second_view_1,third_rating_people_5,first_positive_5_mean,second_view_1_mean,third_rating_people_5_mean,positive,view,rating_people,comment_writer_count,comment_writer,pos_keyword_1,pos_keyword_2,pos_keyword_3,neg_keyword_1,neg_keyword_2,neg_keyword_3,label
708497,이거지롱,0.5582811069068043,0,17,86816,10743.36,56.32911392405063,123234.87658227848,8794.260886075948,11,86816,9958.83,68,youa****,좋은,좋아요,만화,왜,내가,솔직히,1
708497,이거지롱,0.5582811069068043,0,17,86816,10743.36,56.32911392405063,123234.87658227848,8794.260886075948,14,74422,9791.1,68,youa****,좋은,좋아요,만화,왜,내가,솔직히,1
708497,이거지롱,0.5582811069068043,0,17,86816,10743.36,56.32911392405063,123234.87658227848,8794.260886075948,12,61179,10385.68,68,youa****,좋은,좋아요,만화,왜,내가,솔직히,1
708497,이거지롱,0.5582811069068043,0,17,86816,10743.36,56.32911392405063,123234.87658227848,8794.260886075948,9,57407,10564.06,68,youa****,좋은,좋아요,만화,왜,내가,솔직히,1
708497,이거지롱,0.5582811069068043,0,17,86816,10743.36,56.32911392405063,123234.87658227848,8794.260886075948,17,55037,10743.36,68,youa****,좋은,좋아요,만화,왜,내가,솔직히,1
