id,title,5th,10th,first_positive_5,second_view_1,third_rating_people_5,first_positive_5_mean,second_view_1_mean,third_rating_people_5_mean,positive,view,rating_people,comment_writer_count,comment_writer,pos_keyword_1,pos_keyword_2,pos_keyword_3,neg_keyword_1,neg_keyword_2,neg_keyword_3,label
701295,이거지롱,0.6338681498867348,0,14,149107,4021.65,56.32911392405063,123234.87658227848,8794.260886075948,36,149107,4315.68,121,zzdd****,스타킹,그림체,이렇게,그냥,이게,저주를,1
701295,이거지롱,0.6338681498867348,0,14,149107,4021.65,56.32911392405063,123234.87658227848,8794.260886075948,18,92293,4312.04,121,zzdd****,스타킹,그림체,이렇게,그냥,이게,저주를,1
701295,이거지롱,0.6338681498867348,0,14,149107,4021.65,56.32911392405063,123234.87658227848,8794.260886075948,13,76400,3968.0,121,zzdd****,스타킹,그림체,이렇게,그냥,이게,저주를,1
701295,이거지롱,0.6338681498867348,0,14,149107,4021.65,56.32911392405063,123234.87658227848,8794.260886075948,9,67853,3669.19,121,zzdd****,스타킹,그림체,이렇게,그냥,이게,저주를,1
701295,이거지롱,0.6338681498867348,0,14,149107,4021.65,56.32911392405063,123234.87658227848,8794.260886075948,14,64021,4021.65,121,zzdd****,스타킹,그림체,이렇게,그냥,이게,저주를,1
