id,title,5th,10th,first_positive_5,second_view_1,third_rating_people_5,first_positive_5_mean,second_view_1_mean,third_rating_people_5_mean,positive,view,rating_people,comment_writer_count,comment_writer,pos_keyword_1,pos_keyword_2,pos_keyword_3,neg_keyword_1,neg_keyword_2,neg_keyword_3,label
708277,이거지롱,0.5744832391671287,0,10,32924,1129.3,56.32911392405063,123234.87658227848,8794.260886075948,18,32924,1979.25,73,zero****,드디어,리메이크,와,범죄를,범예고로,아니라,1
708277,이거지롱,0.5744832391671287,0,10,32924,1129.3,56.32911392405063,123234.87658227848,8794.260886075948,7,23192,1288.3,73,zero****,드디어,리메이크,와,범죄를,범예고로,아니라,1
708277,이거지롱,0.5744832391671287,0,10,32924,1129.3,56.32911392405063,123234.87658227848,8794.260886075948,8,20759,1221.25,73,zero****,드디어,리메이크,와,범죄를,범예고로,아니라,1
708277,이거지롱,0.5744832391671287,0,10,32924,1129.3,56.32911392405063,123234.87658227848,8794.260886075948,6,17056,1068.2,73,zero****,드디어,리메이크,와,범죄를,범예고로,아니라,1
708277,이거지롱,0.5744832391671287,0,10,32924,1129.3,56.32911392405063,123234.87658227848,8794.260886075948,10,15605,1129.3,73,zero****,드디어,리메이크,와,범죄를,범예고로,아니라,1
