id,title,5th,10th,first_positive_5,second_view_1,third_rating_people_5,first_positive_5_mean,second_view_1_mean,third_rating_people_5_mean,positive,view,rating_people,comment_writer_count,comment_writer,pos_keyword_1,pos_keyword_2,pos_keyword_3,neg_keyword_1,neg_keyword_2,neg_keyword_3,label
72251,이거지롱,0.6754285964256065,0,158,2300,14518.52,56.32911392405063,123234.87658227848,8794.260886075948,727,2300,21606.53,1633,zzzq****,다시,카이만,우와,뭔가,다시,왜,1
72251,이거지롱,0.6754285964256065,0,158,2300,14518.52,56.32911392405063,123234.87658227848,8794.260886075948,375,1324,19886.09,1633,zzzq****,다시,카이만,우와,뭔가,다시,왜,1
72251,이거지롱,0.6754285964256065,0,158,2300,14518.52,56.32911392405063,123234.87658227848,8794.260886075948,215,335,16789.64,1633,zzzq****,다시,카이만,우와,뭔가,다시,왜,1
72251,이거지롱,0.6754285964256065,0,158,2300,14518.52,56.32911392405063,123234.87658227848,8794.260886075948,154,242,15687.259999999998,1633,zzzq****,다시,카이만,우와,뭔가,다시,왜,1
72251,이거지롱,0.6754285964256065,0,158,2300,14518.52,56.32911392405063,123234.87658227848,8794.260886075948,158,220,14518.52,1633,zzzq****,다시,카이만,우와,뭔가,다시,왜,1
