id,title,5th,10th,first_positive_5,second_view_1,third_rating_people_5,first_positive_5_mean,second_view_1_mean,third_rating_people_5_mean,positive,view,rating_people,comment_writer_count,comment_writer,pos_keyword_1,pos_keyword_2,pos_keyword_3,neg_keyword_1,neg_keyword_2,neg_keyword_3,label
704098,이거지롱,0.5678544380141881,0,22,94434,7076.789999999999,56.32911392405063,123234.87658227848,8794.260886075948,100,94434,10177.2,190,zeni****,이렇게,재밌어요,넘,코로셋은,여성을,관념을,1
704098,이거지롱,0.5678544380141881,0,22,94434,7076.789999999999,56.32911392405063,123234.87658227848,8794.260886075948,38,57033,7682.400000000001,190,zeni****,이렇게,재밌어요,넘,코로셋은,여성을,관념을,1
704098,이거지롱,0.5678544380141881,0,22,94434,7076.789999999999,56.32911392405063,123234.87658227848,8794.260886075948,20,41957,7335.900000000001,190,zeni****,이렇게,재밌어요,넘,코로셋은,여성을,관념을,1
704098,이거지롱,0.5678544380141881,0,22,94434,7076.789999999999,56.32911392405063,123234.87658227848,8794.260886075948,25,36855,7617.48,190,zeni****,이렇게,재밌어요,넘,코로셋은,여성을,관념을,1
704098,이거지롱,0.5678544380141881,0,22,94434,7076.789999999999,56.32911392405063,123234.87658227848,8794.260886075948,22,34525,7076.789999999999,190,zeni****,이렇게,재밌어요,넘,코로셋은,여성을,관념을,1
