id,title,5th,10th,first_positive_5,second_view_1,third_rating_people_5,first_positive_5_mean,second_view_1_mean,third_rating_people_5_mean,positive,view,rating_people,comment_writer_count,comment_writer,pos_keyword_1,pos_keyword_2,pos_keyword_3,neg_keyword_1,neg_keyword_2,neg_keyword_3,label
707777,이거지롱,0.6266462579692269,0,10,48768,2888.98,56.32911392405063,123234.87658227848,8794.260886075948,7,48768,3145.34,61,zx00****,와,주인공,대박,이게,베도작품이라고,그림을,1
707777,이거지롱,0.6266462579692269,0,10,48768,2888.98,56.32911392405063,123234.87658227848,8794.260886075948,5,35388,2690.08,61,zx00****,와,주인공,대박,이게,베도작품이라고,그림을,1
707777,이거지롱,0.6266462579692269,0,10,48768,2888.98,56.32911392405063,123234.87658227848,8794.260886075948,17,30900,3293.3700000000003,61,zx00****,와,주인공,대박,이게,베도작품이라고,그림을,1
707777,이거지롱,0.6266462579692269,0,10,48768,2888.98,56.32911392405063,123234.87658227848,8794.260886075948,8,28110,2663.1,61,zx00****,와,주인공,대박,이게,베도작품이라고,그림을,1
707777,이거지롱,0.6266462579692269,0,10,48768,2888.98,56.32911392405063,123234.87658227848,8794.260886075948,10,26830,2888.98,61,zx00****,와,주인공,대박,이게,베도작품이라고,그림을,1
