id,title,5th,10th,first_positive_5,second_view_1,third_rating_people_5,first_positive_5_mean,second_view_1_mean,third_rating_people_5_mean,positive,view,rating_people,comment_writer_count,comment_writer,pos_keyword_1,pos_keyword_2,pos_keyword_3,neg_keyword_1,neg_keyword_2,neg_keyword_3,label
745693,이거지롱,0.6601118755182955,0,13,63943,2631.75,56.32911392405063,123234.87658227848,8794.260886075948,53,63943,4444.44,109,zoqn****,넘,헐,재밌어요,진우,전범기,있는데,1
745693,이거지롱,0.6601118755182955,0,13,63943,2631.75,56.32911392405063,123234.87658227848,8794.260886075948,37,38711,3661.48,109,zoqn****,넘,헐,재밌어요,진우,전범기,있는데,1
745693,이거지롱,0.6601118755182955,0,13,63943,2631.75,56.32911392405063,123234.87658227848,8794.260886075948,25,30422,3164.36,109,zoqn****,넘,헐,재밌어요,진우,전범기,있는데,1
745693,이거지롱,0.6601118755182955,0,13,63943,2631.75,56.32911392405063,123234.87658227848,8794.260886075948,26,26893,3436.4,109,zoqn****,넘,헐,재밌어요,진우,전범기,있는데,1
745693,이거지롱,0.6601118755182955,0,13,63943,2631.75,56.32911392405063,123234.87658227848,8794.260886075948,13,26116,2631.75,109,zoqn****,넘,헐,재밌어요,진우,전범기,있는데,1
