id,title,5th,10th,first_positive_5,second_view_1,third_rating_people_5,first_positive_5_mean,second_view_1_mean,third_rating_people_5_mean,positive,view,rating_people,comment_writer_count,comment_writer,pos_keyword_1,pos_keyword_2,pos_keyword_3,neg_keyword_1,neg_keyword_2,neg_keyword_3,label
707461,이거지롱,0.6397071515517241,0,12,39851,1294.8000000000002,56.32911392405063,123234.87658227848,8794.260886075948,11,39851,1062.75,68,yyy0****,나비,뱁새,넘,하악,애들이,어휴,1
707461,이거지롱,0.6397071515517241,0,12,39851,1294.8000000000002,56.32911392405063,123234.87658227848,8794.260886075948,13,27558,840.6500000000001,68,yyy0****,나비,뱁새,넘,하악,애들이,어휴,1
707461,이거지롱,0.6397071515517241,0,12,39851,1294.8000000000002,56.32911392405063,123234.87658227848,8794.260886075948,16,18178,819.4000000000001,68,yyy0****,나비,뱁새,넘,하악,애들이,어휴,1
707461,이거지롱,0.6397071515517241,0,12,39851,1294.8000000000002,56.32911392405063,123234.87658227848,8794.260886075948,18,11333,1363.59,68,yyy0****,나비,뱁새,넘,하악,애들이,어휴,1
707461,이거지롱,0.6397071515517241,0,12,39851,1294.8000000000002,56.32911392405063,123234.87658227848,8794.260886075948,12,9164,1294.8000000000002,68,yyy0****,나비,뱁새,넘,하악,애들이,어휴,1
