id,title,5th,10th,first_positive_5,second_view_1,third_rating_people_5,first_positive_5_mean,second_view_1_mean,third_rating_people_5_mean,positive,view,rating_people,comment_writer_count,comment_writer,pos_keyword_1,pos_keyword_2,pos_keyword_3,neg_keyword_1,neg_keyword_2,neg_keyword_3,label
784160,이거지롱,0.7223803662466781,0,34,43142,1235.2,56.32911392405063,123234.87658227848,8794.260886075948,42,43142,1575.52,95,yu_h****,회지,렌즈,석순이,왜,뭐야,렌즈,1
784160,이거지롱,0.7223803662466781,0,34,43142,1235.2,56.32911392405063,123234.87658227848,8794.260886075948,22,23346,1152.9,95,yu_h****,회지,렌즈,석순이,왜,뭐야,렌즈,1
784160,이거지롱,0.7223803662466781,0,34,43142,1235.2,56.32911392405063,123234.87658227848,8794.260886075948,20,18619,969.28,95,yu_h****,회지,렌즈,석순이,왜,뭐야,렌즈,1
784160,이거지롱,0.7223803662466781,0,34,43142,1235.2,56.32911392405063,123234.87658227848,8794.260886075948,21,16072,851.73,95,yu_h****,회지,렌즈,석순이,왜,뭐야,렌즈,1
784160,이거지롱,0.7223803662466781,0,34,43142,1235.2,56.32911392405063,123234.87658227848,8794.260886075948,34,18446,1235.2,95,yu_h****,회지,렌즈,석순이,왜,뭐야,렌즈,1
