id,title,5th,10th,first_positive_5,second_view_1,third_rating_people_5,first_positive_5_mean,second_view_1_mean,third_rating_people_5_mean,positive,view,rating_people,comment_writer_count,comment_writer,pos_keyword_1,pos_keyword_2,pos_keyword_3,neg_keyword_1,neg_keyword_2,neg_keyword_3,label
751850,이거지롱,0.68872735213517,0,33,106192,4425.81,56.32911392405063,123234.87658227848,8794.260886075948,50,106192,6649.5,167,zzmd****,와,분량,재밌어요,뭔가,와,화,1
751850,이거지롱,0.68872735213517,0,33,106192,4425.81,56.32911392405063,123234.87658227848,8794.260886075948,20,63262,7334.999999999999,167,zzmd****,와,분량,재밌어요,뭔가,와,화,1
751850,이거지롱,0.68872735213517,0,33,106192,4425.81,56.32911392405063,123234.87658227848,8794.260886075948,13,49306,6595.400000000001,167,zzmd****,와,분량,재밌어요,뭔가,와,화,1
751850,이거지롱,0.68872735213517,0,33,106192,4425.81,56.32911392405063,123234.87658227848,8794.260886075948,20,45684,4982.25,167,zzmd****,와,분량,재밌어요,뭔가,와,화,1
751850,이거지롱,0.68872735213517,0,33,106192,4425.81,56.32911392405063,123234.87658227848,8794.260886075948,33,45537,4425.81,167,zzmd****,와,분량,재밌어요,뭔가,와,화,1
