id,title,5th,10th,first_positive_5,second_view_1,third_rating_people_5,first_positive_5_mean,second_view_1_mean,third_rating_people_5_mean,positive,view,rating_people,comment_writer_count,comment_writer,pos_keyword_1,pos_keyword_2,pos_keyword_3,neg_keyword_1,neg_keyword_2,neg_keyword_3,label
792361,이거지롱,0.6831161053104243,0,23,14548,888.52,56.32911392405063,123234.87658227848,8794.260886075948,18,14548,1219.4,69,zzxc****,재밌어요,베도,흥미진진,있었는데,우리학교도,도둑,1
792361,이거지롱,0.6831161053104243,0,23,14548,888.52,56.32911392405063,123234.87658227848,8794.260886075948,7,9964,791.28,69,zzxc****,재밌어요,베도,흥미진진,있었는데,우리학교도,도둑,1
792361,이거지롱,0.6831161053104243,0,23,14548,888.52,56.32911392405063,123234.87658227848,8794.260886075948,10,8778,864.0,69,zzxc****,재밌어요,베도,흥미진진,있었는데,우리학교도,도둑,1
792361,이거지롱,0.6831161053104243,0,23,14548,888.52,56.32911392405063,123234.87658227848,8794.260886075948,10,6849,583.1600000000001,69,zzxc****,재밌어요,베도,흥미진진,있었는데,우리학교도,도둑,1
792361,이거지롱,0.6831161053104243,0,23,14548,888.52,56.32911392405063,123234.87658227848,8794.260886075948,23,8553,888.52,69,zzxc****,재밌어요,베도,흥미진진,있었는데,우리학교도,도둑,1
