id,title,5th,10th,first_positive_5,second_view_1,third_rating_people_5,first_positive_5_mean,second_view_1_mean,third_rating_people_5_mean,positive,view,rating_people,comment_writer_count,comment_writer,pos_keyword_1,pos_keyword_2,pos_keyword_3,neg_keyword_1,neg_keyword_2,neg_keyword_3,label
757220,이거지롱,0.7266087809208941,0,30,61953,2392.03,56.32911392405063,123234.87658227848,8794.260886075948,25,61953,3307.76,135,zkrp****,와,웹툰,꼭,네이버,웹튠에,이게뭐죠,1
757220,이거지롱,0.7266087809208941,0,30,61953,2392.03,56.32911392405063,123234.87658227848,8794.260886075948,21,41718,2592.0400000000004,135,zkrp****,와,웹툰,꼭,네이버,웹튠에,이게뭐죠,1
757220,이거지롱,0.7266087809208941,0,30,61953,2392.03,56.32911392405063,123234.87658227848,8794.260886075948,16,30892,2140.8,135,zkrp****,와,웹툰,꼭,네이버,웹튠에,이게뭐죠,1
757220,이거지롱,0.7266087809208941,0,30,61953,2392.03,56.32911392405063,123234.87658227848,8794.260886075948,31,25882,2349.55,135,zkrp****,와,웹툰,꼭,네이버,웹튠에,이게뭐죠,1
757220,이거지롱,0.7266087809208941,0,30,61953,2392.03,56.32911392405063,123234.87658227848,8794.260886075948,30,23349,2392.03,135,zkrp****,와,웹툰,꼭,네이버,웹튠에,이게뭐죠,1
