id,title,5th,10th,first_positive_5,second_view_1,third_rating_people_5,first_positive_5_mean,second_view_1_mean,third_rating_people_5_mean,positive,view,rating_people,comment_writer_count,comment_writer,pos_keyword_1,pos_keyword_2,pos_keyword_3,neg_keyword_1,neg_keyword_2,neg_keyword_3,label
740498,이거지롱,0.6147615483739092,0,24,79009,11005.05,56.32911392405063,123234.87658227848,8794.260886075948,108,79009,16605.62,337,zxdd****,항상,감사합니다,그런,왜,어떻게,친구,1
740498,이거지롱,0.6147615483739092,0,24,79009,11005.05,56.32911392405063,123234.87658227848,8794.260886075948,39,55477,13086.54,337,zxdd****,항상,감사합니다,그런,왜,어떻게,친구,1
740498,이거지롱,0.6147615483739092,0,24,79009,11005.05,56.32911392405063,123234.87658227848,8794.260886075948,46,48294,11930.6,337,zxdd****,항상,감사합니다,그런,왜,어떻게,친구,1
740498,이거지롱,0.6147615483739092,0,24,79009,11005.05,56.32911392405063,123234.87658227848,8794.260886075948,27,46012,11230.54,337,zxdd****,항상,감사합니다,그런,왜,어떻게,친구,1
740498,이거지롱,0.6147615483739092,0,24,79009,11005.05,56.32911392405063,123234.87658227848,8794.260886075948,24,45187,11005.05,337,zxdd****,항상,감사합니다,그런,왜,어떻게,친구,1
