id,title,5th,10th,first_positive_5,second_view_1,third_rating_people_5,first_positive_5_mean,second_view_1_mean,third_rating_people_5_mean,positive,view,rating_people,comment_writer_count,comment_writer,pos_keyword_1,pos_keyword_2,pos_keyword_3,neg_keyword_1,neg_keyword_2,neg_keyword_3,label
767793,이거지롱,0.514272512818622,0,5,30504,698.64,56.32911392405063,123234.87658227848,8794.260886075948,17,30504,1052.25,45,yucc****,기대되요,와,빨리,포스트만,뜨는데,어떻게,1
767793,이거지롱,0.514272512818622,0,5,30504,698.64,56.32911392405063,123234.87658227848,8794.260886075948,5,16626,799.2,45,yucc****,기대되요,와,빨리,포스트만,뜨는데,어떻게,1
767793,이거지롱,0.514272512818622,0,5,30504,698.64,56.32911392405063,123234.87658227848,8794.260886075948,7,9331,738.3599999999999,45,yucc****,기대되요,와,빨리,포스트만,뜨는데,어떻게,1
767793,이거지롱,0.514272512818622,0,5,30504,698.64,56.32911392405063,123234.87658227848,8794.260886075948,2,7017,651.0,45,yucc****,기대되요,와,빨리,포스트만,뜨는데,어떻게,1
767793,이거지롱,0.514272512818622,0,5,30504,698.64,56.32911392405063,123234.87658227848,8794.260886075948,5,6906,698.64,45,yucc****,기대되요,와,빨리,포스트만,뜨는데,어떻게,1
