id,title,5th,10th,first_positive_5,second_view_1,third_rating_people_5,first_positive_5_mean,second_view_1_mean,third_rating_people_5_mean,positive,view,rating_people,comment_writer_count,comment_writer,pos_keyword_1,pos_keyword_2,pos_keyword_3,neg_keyword_1,neg_keyword_2,neg_keyword_3,label
796167,이거지롱,0.5747222633173743,0,7,66769,6085.8,56.32911392405063,123234.87658227848,8794.260886075948,22,66769,7667.4,47,znfm****,마음,어머니,됩니다,암,엄마도,대장암은,1
796167,이거지롱,0.5747222633173743,0,7,66769,6085.8,56.32911392405063,123234.87658227848,8794.260886075948,23,64652,8201.16,47,znfm****,마음,어머니,됩니다,암,엄마도,대장암은,1
796167,이거지롱,0.5747222633173743,0,7,66769,6085.8,56.32911392405063,123234.87658227848,8794.260886075948,15,62428,7759.82,47,znfm****,마음,어머니,됩니다,암,엄마도,대장암은,1
796167,이거지롱,0.5747222633173743,0,7,66769,6085.8,56.32911392405063,123234.87658227848,8794.260886075948,6,56102,6763.04,47,znfm****,마음,어머니,됩니다,암,엄마도,대장암은,1
796167,이거지롱,0.5747222633173743,0,7,66769,6085.8,56.32911392405063,123234.87658227848,8794.260886075948,7,54088,6085.8,47,znfm****,마음,어머니,됩니다,암,엄마도,대장암은,1
