id,title,5th,10th,first_positive_5,second_view_1,third_rating_people_5,first_positive_5_mean,second_view_1_mean,third_rating_people_5_mean,positive,view,rating_people,comment_writer_count,comment_writer,pos_keyword_1,pos_keyword_2,pos_keyword_3,neg_keyword_1,neg_keyword_2,neg_keyword_3,label
761300,이거지롱,0.5869982774980209,0,2,16261,1382.81,56.32911392405063,123234.87658227848,8794.260886075948,18,16261,2606.61,84,yuki****,작품,있어요,서로,하,완전,스타일인,1
761300,이거지롱,0.5869982774980209,0,2,16261,1382.81,56.32911392405063,123234.87658227848,8794.260886075948,30,8487,2883.04,84,yuki****,작품,있어요,서로,하,완전,스타일인,1
761300,이거지롱,0.5869982774980209,0,2,16261,1382.81,56.32911392405063,123234.87658227848,8794.260886075948,9,7987,2064.88,84,yuki****,작품,있어요,서로,하,완전,스타일인,1
761300,이거지롱,0.5869982774980209,0,2,16261,1382.81,56.32911392405063,123234.87658227848,8794.260886075948,15,7336,2087.54,84,yuki****,작품,있어요,서로,하,완전,스타일인,1
761300,이거지롱,0.5869982774980209,0,2,16261,1382.81,56.32911392405063,123234.87658227848,8794.260886075948,2,5725,1382.81,84,yuki****,작품,있어요,서로,하,완전,스타일인,1
