id,title,5th,10th,first_positive_5,second_view_1,third_rating_people_5,first_positive_5_mean,second_view_1_mean,third_rating_people_5_mean,positive,view,rating_people,comment_writer_count,comment_writer,pos_keyword_1,pos_keyword_2,pos_keyword_3,neg_keyword_1,neg_keyword_2,neg_keyword_3,label
756412,이거지롱,0.5916397738154676,0,6,13353,780.0,56.32911392405063,123234.87658227848,8794.260886075948,17,13353,1036.2,44,woor****,재밌어요,은수,다음화,도대체,이게,어떻게,1
756412,이거지롱,0.5916397738154676,0,6,13353,780.0,56.32911392405063,123234.87658227848,8794.260886075948,11,12012,1072.37,44,woor****,재밌어요,은수,다음화,도대체,이게,어떻게,1
756412,이거지롱,0.5916397738154676,0,6,13353,780.0,56.32911392405063,123234.87658227848,8794.260886075948,9,8347,1010.82,44,woor****,재밌어요,은수,다음화,도대체,이게,어떻게,1
756412,이거지롱,0.5916397738154676,0,6,13353,780.0,56.32911392405063,123234.87658227848,8794.260886075948,13,7072,973.08,44,woor****,재밌어요,은수,다음화,도대체,이게,어떻게,1
756412,이거지롱,0.5916397738154676,0,6,13353,780.0,56.32911392405063,123234.87658227848,8794.260886075948,6,6323,780.0,44,woor****,재밌어요,은수,다음화,도대체,이게,어떻게,1
