id,title,5th,10th,first_positive_5,second_view_1,third_rating_people_5,first_positive_5_mean,second_view_1_mean,third_rating_people_5_mean,positive,view,rating_people,comment_writer_count,comment_writer,pos_keyword_1,pos_keyword_2,pos_keyword_3,neg_keyword_1,neg_keyword_2,neg_keyword_3,label
712894,이거지롱,0.5252406401389231,0,15,188651,5069.12,56.32911392405063,123234.87658227848,8794.260886075948,42,188651,6497.400000000001,155,zung****,최강자전,최강자전에서,그리고,뭔가,뭐야,아닌가,1
712894,이거지롱,0.5252406401389231,0,15,188651,5069.12,56.32911392405063,123234.87658227848,8794.260886075948,5,132225,5210.65,155,zung****,최강자전,최강자전에서,그리고,뭔가,뭐야,아닌가,1
712894,이거지롱,0.5252406401389231,0,15,188651,5069.12,56.32911392405063,123234.87658227848,8794.260886075948,10,110555,5043.57,155,zung****,최강자전,최강자전에서,그리고,뭔가,뭐야,아닌가,1
712894,이거지롱,0.5252406401389231,0,15,188651,5069.12,56.32911392405063,123234.87658227848,8794.260886075948,13,102681,4747.469999999999,155,zung****,최강자전,최강자전에서,그리고,뭔가,뭐야,아닌가,1
712894,이거지롱,0.5252406401389231,0,15,188651,5069.12,56.32911392405063,123234.87658227848,8794.260886075948,15,97491,5069.12,155,zung****,최강자전,최강자전에서,그리고,뭔가,뭐야,아닌가,1
