id,title,5th,10th,first_positive_5,second_view_1,third_rating_people_5,first_positive_5_mean,second_view_1_mean,third_rating_people_5_mean,positive,view,rating_people,comment_writer_count,comment_writer,pos_keyword_1,pos_keyword_2,pos_keyword_3,neg_keyword_1,neg_keyword_2,neg_keyword_3,label
767025,이거지롱,0.507725753461419,0,8,22609,1259.7,56.32911392405063,123234.87658227848,8794.260886075948,19,22609,1682.58,63,yesg****,재미있어요,잘봤습니다,응원합니다,계단을,학폭미화,어제,1
767025,이거지롱,0.507725753461419,0,8,22609,1259.7,56.32911392405063,123234.87658227848,8794.260886075948,5,15664,1489.18,63,yesg****,재미있어요,잘봤습니다,응원합니다,계단을,학폭미화,어제,1
767025,이거지롱,0.507725753461419,0,8,22609,1259.7,56.32911392405063,123234.87658227848,8794.260886075948,10,14058,1381.38,63,yesg****,재미있어요,잘봤습니다,응원합니다,계단을,학폭미화,어제,1
767025,이거지롱,0.507725753461419,0,8,22609,1259.7,56.32911392405063,123234.87658227848,8794.260886075948,14,12311,1331.7,63,yesg****,재미있어요,잘봤습니다,응원합니다,계단을,학폭미화,어제,1
767025,이거지롱,0.507725753461419,0,8,22609,1259.7,56.32911392405063,123234.87658227848,8794.260886075948,8,10583,1259.7,63,yesg****,재미있어요,잘봤습니다,응원합니다,계단을,학폭미화,어제,1
