id,title,5th,10th,first_positive_5,second_view_1,third_rating_people_5,first_positive_5_mean,second_view_1_mean,third_rating_people_5_mean,positive,view,rating_people,comment_writer_count,comment_writer,pos_keyword_1,pos_keyword_2,pos_keyword_3,neg_keyword_1,neg_keyword_2,neg_keyword_3,label
700154,이거지롱,0.6181562821243202,0,15,136323,6064.92,56.32911392405063,123234.87658227848,8794.260886075948,19,136323,7323.539999999999,101,zlsl****,빨리,와,오빠,오옷,뭔가,기대치,1
700154,이거지롱,0.6181562821243202,0,15,136323,6064.92,56.32911392405063,123234.87658227848,8794.260886075948,15,97777,6034.32,101,zlsl****,빨리,와,오빠,오옷,뭔가,기대치,1
700154,이거지롱,0.6181562821243202,0,15,136323,6064.92,56.32911392405063,123234.87658227848,8794.260886075948,16,84259,5848.77,101,zlsl****,빨리,와,오빠,오옷,뭔가,기대치,1
700154,이거지롱,0.6181562821243202,0,15,136323,6064.92,56.32911392405063,123234.87658227848,8794.260886075948,15,80371,5963.67,101,zlsl****,빨리,와,오빠,오옷,뭔가,기대치,1
700154,이거지롱,0.6181562821243202,0,15,136323,6064.92,56.32911392405063,123234.87658227848,8794.260886075948,15,76129,6064.92,101,zlsl****,빨리,와,오빠,오옷,뭔가,기대치,1
