id,title,5th,10th,first_positive_5,second_view_1,third_rating_people_5,first_positive_5_mean,second_view_1_mean,third_rating_people_5_mean,positive,view,rating_people,comment_writer_count,comment_writer,pos_keyword_1,pos_keyword_2,pos_keyword_3,neg_keyword_1,neg_keyword_2,neg_keyword_3,label
718982,이거지롱,0.5291067469969817,0,11,48093,2150.33,56.32911392405063,123234.87658227848,8794.260886075948,37,48093,2960.1,164,zlzl****,와,재밌어요,정식연재,주인공이,뭐야,막,1
718982,이거지롱,0.5291067469969817,0,11,48093,2150.33,56.32911392405063,123234.87658227848,8794.260886075948,17,32430,2388.69,164,zlzl****,와,재밌어요,정식연재,주인공이,뭐야,막,1
718982,이거지롱,0.5291067469969817,0,11,48093,2150.33,56.32911392405063,123234.87658227848,8794.260886075948,23,28631,2254.56,164,zlzl****,와,재밌어요,정식연재,주인공이,뭐야,막,1
718982,이거지롱,0.5291067469969817,0,11,48093,2150.33,56.32911392405063,123234.87658227848,8794.260886075948,13,25361,2133.11,164,zlzl****,와,재밌어요,정식연재,주인공이,뭐야,막,1
718982,이거지롱,0.5291067469969817,0,11,48093,2150.33,56.32911392405063,123234.87658227848,8794.260886075948,11,24110,2150.33,164,zlzl****,와,재밌어요,정식연재,주인공이,뭐야,막,1
