id,title,5th,10th,first_positive_5,second_view_1,third_rating_people_5,first_positive_5_mean,second_view_1_mean,third_rating_people_5_mean,positive,view,rating_people,comment_writer_count,comment_writer,pos_keyword_1,pos_keyword_2,pos_keyword_3,neg_keyword_1,neg_keyword_2,neg_keyword_3,label
769552,이거지롱,0.6384375593433382,0,7,17601,1191.6,56.32911392405063,123234.87658227848,8794.260886075948,15,17601,1522.1,37,zkvp****,재밌어요,민정이,넘,None,None,None,1
769552,이거지롱,0.6384375593433382,0,7,17601,1191.6,56.32911392405063,123234.87658227848,8794.260886075948,7,10074,1261.11,37,zkvp****,재밌어요,민정이,넘,None,None,None,1
769552,이거지롱,0.6384375593433382,0,7,17601,1191.6,56.32911392405063,123234.87658227848,8794.260886075948,13,7713,1342.32,37,zkvp****,재밌어요,민정이,넘,None,None,None,1
769552,이거지롱,0.6384375593433382,0,7,17601,1191.6,56.32911392405063,123234.87658227848,8794.260886075948,6,6873,1081.28,37,zkvp****,재밌어요,민정이,넘,None,None,None,1
769552,이거지롱,0.6384375593433382,0,7,17601,1191.6,56.32911392405063,123234.87658227848,8794.260886075948,7,6508,1191.6,37,zkvp****,재밌어요,민정이,넘,None,None,None,1
