id,title,5th,10th,first_positive_5,second_view_1,third_rating_people_5,first_positive_5_mean,second_view_1_mean,third_rating_people_5_mean,positive,view,rating_people,comment_writer_count,comment_writer,pos_keyword_1,pos_keyword_2,pos_keyword_3,neg_keyword_1,neg_keyword_2,neg_keyword_3,label
702188,이거지롱,0.5882075073170664,0,14,47239,2170.29,56.32911392405063,123234.87658227848,8794.260886075948,16,47239,2612.12,70,zmdj****,와,소재도,항상,로베스,이해가,뭐야,1
702188,이거지롱,0.5882075073170664,0,14,47239,2170.29,56.32911392405063,123234.87658227848,8794.260886075948,9,22000,2307.24,70,zmdj****,와,소재도,항상,로베스,이해가,뭐야,1
702188,이거지롱,0.5882075073170664,0,14,47239,2170.29,56.32911392405063,123234.87658227848,8794.260886075948,9,17131,2193.36,70,zmdj****,와,소재도,항상,로베스,이해가,뭐야,1
702188,이거지롱,0.5882075073170664,0,14,47239,2170.29,56.32911392405063,123234.87658227848,8794.260886075948,9,15816,2112.18,70,zmdj****,와,소재도,항상,로베스,이해가,뭐야,1
702188,이거지롱,0.5882075073170664,0,14,47239,2170.29,56.32911392405063,123234.87658227848,8794.260886075948,14,15797,2170.29,70,zmdj****,와,소재도,항상,로베스,이해가,뭐야,1
