id,title,5th,10th,first_positive_5,second_view_1,third_rating_people_5,first_positive_5_mean,second_view_1_mean,third_rating_people_5_mean,positive,view,rating_people,comment_writer_count,comment_writer,pos_keyword_1,pos_keyword_2,pos_keyword_3,neg_keyword_1,neg_keyword_2,neg_keyword_3,label
739130,이거지롱,0.7006174552535536,0,39,443487,29926.520000000004,56.32911392405063,123234.87658227848,8794.260886075948,76,443487,35178.0,337,zzzz****,교수님,대학원,와,과고,교수님이,그래서,1
739130,이거지롱,0.7006174552535536,0,39,443487,29926.520000000004,56.32911392405063,123234.87658227848,8794.260886075948,27,431222,31347.12,337,zzzz****,교수님,대학원,와,과고,교수님이,그래서,1
739130,이거지롱,0.7006174552535536,0,39,443487,29926.520000000004,56.32911392405063,123234.87658227848,8794.260886075948,39,369875,30044.28,337,zzzz****,교수님,대학원,와,과고,교수님이,그래서,1
739130,이거지롱,0.7006174552535536,0,39,443487,29926.520000000004,56.32911392405063,123234.87658227848,8794.260886075948,45,345896,28375.36,337,zzzz****,교수님,대학원,와,과고,교수님이,그래서,1
739130,이거지롱,0.7006174552535536,0,39,443487,29926.520000000004,56.32911392405063,123234.87658227848,8794.260886075948,39,324180,29926.520000000004,337,zzzz****,교수님,대학원,와,과고,교수님이,그래서,1
