id,title,5th,10th,first_positive_5,second_view_1,third_rating_people_5,first_positive_5_mean,second_view_1_mean,third_rating_people_5_mean,positive,view,rating_people,comment_writer_count,comment_writer,pos_keyword_1,pos_keyword_2,pos_keyword_3,neg_keyword_1,neg_keyword_2,neg_keyword_3,label
753442,이거지롱,0.6962233890211922,0,56,22193,2123.28,56.32911392405063,123234.87658227848,8794.260886075948,22,22193,1992.02,115,zooc****,재밌어요,좋아요,웹툰,시간은,계속,흐르는,1
753442,이거지롱,0.6962233890211922,0,56,22193,2123.28,56.32911392405063,123234.87658227848,8794.260886075948,15,18640,1621.2,115,zooc****,재밌어요,좋아요,웹툰,시간은,계속,흐르는,1
753442,이거지롱,0.6962233890211922,0,56,22193,2123.28,56.32911392405063,123234.87658227848,8794.260886075948,13,15060,1642.2,115,zooc****,재밌어요,좋아요,웹툰,시간은,계속,흐르는,1
753442,이거지롱,0.6962233890211922,0,56,22193,2123.28,56.32911392405063,123234.87658227848,8794.260886075948,30,13465,2044.02,115,zooc****,재밌어요,좋아요,웹툰,시간은,계속,흐르는,1
753442,이거지롱,0.6962233890211922,0,56,22193,2123.28,56.32911392405063,123234.87658227848,8794.260886075948,56,14031,2123.28,115,zooc****,재밌어요,좋아요,웹툰,시간은,계속,흐르는,1
