id,title,5th,10th,first_positive_5,second_view_1,third_rating_people_5,first_positive_5_mean,second_view_1_mean,third_rating_people_5_mean,positive,view,rating_people,comment_writer_count,comment_writer,pos_keyword_1,pos_keyword_2,pos_keyword_3,neg_keyword_1,neg_keyword_2,neg_keyword_3,label
735531,이거지롱,0.5412190746087111,0,9,6833,538.16,56.32911392405063,123234.87658227848,8794.260886075948,15,6833,1082.4,40,wjsw****,돈벌레,재밌어요,해도,None,None,None,1
735531,이거지롱,0.5412190746087111,0,9,6833,538.16,56.32911392405063,123234.87658227848,8794.260886075948,7,4041,751.4,40,wjsw****,돈벌레,재밌어요,해도,None,None,None,1
735531,이거지롱,0.5412190746087111,0,9,6833,538.16,56.32911392405063,123234.87658227848,8794.260886075948,10,3197,733.0500000000001,40,wjsw****,돈벌레,재밌어요,해도,None,None,None,1
735531,이거지롱,0.5412190746087111,0,9,6833,538.16,56.32911392405063,123234.87658227848,8794.260886075948,5,2568,605.01,40,wjsw****,돈벌레,재밌어요,해도,None,None,None,1
735531,이거지롱,0.5412190746087111,0,9,6833,538.16,56.32911392405063,123234.87658227848,8794.260886075948,9,2439,538.16,40,wjsw****,돈벌레,재밌어요,해도,None,None,None,1
