id,title,5th,10th,first_positive_5,second_view_1,third_rating_people_5,first_positive_5_mean,second_view_1_mean,third_rating_people_5_mean,positive,view,rating_people,comment_writer_count,comment_writer,pos_keyword_1,pos_keyword_2,pos_keyword_3,neg_keyword_1,neg_keyword_2,neg_keyword_3,label
727585,이거지롱,0.7352016517697088,0,62,280765,22188.49,56.32911392405063,123234.87658227848,8794.260886075948,125,280765,30738.41,528,zzz5****,세이,화이팅,좋은,난,봤는데,루리웹이,1
727585,이거지롱,0.7352016517697088,0,62,280765,22188.49,56.32911392405063,123234.87658227848,8794.260886075948,93,236434,24550.8,528,zzz5****,세이,화이팅,좋은,난,봤는데,루리웹이,1
727585,이거지롱,0.7352016517697088,0,62,280765,22188.49,56.32911392405063,123234.87658227848,8794.260886075948,55,192079,21664.65,528,zzz5****,세이,화이팅,좋은,난,봤는데,루리웹이,1
727585,이거지롱,0.7352016517697088,0,62,280765,22188.49,56.32911392405063,123234.87658227848,8794.260886075948,71,177019,23036.58,528,zzz5****,세이,화이팅,좋은,난,봤는데,루리웹이,1
727585,이거지롱,0.7352016517697088,0,62,280765,22188.49,56.32911392405063,123234.87658227848,8794.260886075948,62,160455,22188.49,528,zzz5****,세이,화이팅,좋은,난,봤는데,루리웹이,1
