id,title,5th,10th,first_positive_5,second_view_1,third_rating_people_5,first_positive_5_mean,second_view_1_mean,third_rating_people_5_mean,positive,view,rating_people,comment_writer_count,comment_writer,pos_keyword_1,pos_keyword_2,pos_keyword_3,neg_keyword_1,neg_keyword_2,neg_keyword_3,label
709602,이거지롱,0.4795151252082394,0,2,35201,1320.69,56.32911392405063,123234.87658227848,8794.260886075948,25,35201,2042.56,66,yish****,리메이크,정식,다시,없이,이번에는,리메이크,1
709602,이거지롱,0.4795151252082394,0,2,35201,1320.69,56.32911392405063,123234.87658227848,8794.260886075948,7,31433,1521.5200000000002,66,yish****,리메이크,정식,다시,없이,이번에는,리메이크,1
709602,이거지롱,0.4795151252082394,0,2,35201,1320.69,56.32911392405063,123234.87658227848,8794.260886075948,6,26473,1340.55,66,yish****,리메이크,정식,다시,없이,이번에는,리메이크,1
709602,이거지롱,0.4795151252082394,0,2,35201,1320.69,56.32911392405063,123234.87658227848,8794.260886075948,5,24914,1451.24,66,yish****,리메이크,정식,다시,없이,이번에는,리메이크,1
709602,이거지롱,0.4795151252082394,0,2,35201,1320.69,56.32911392405063,123234.87658227848,8794.260886075948,2,24214,1320.69,66,yish****,리메이크,정식,다시,없이,이번에는,리메이크,1
