id,title,5th,10th,first_positive_5,second_view_1,third_rating_people_5,first_positive_5_mean,second_view_1_mean,third_rating_people_5_mean,positive,view,rating_people,comment_writer_count,comment_writer,pos_keyword_1,pos_keyword_2,pos_keyword_3,neg_keyword_1,neg_keyword_2,neg_keyword_3,label
744896,이거지롱,0.5899207632152343,0,11,18589,2119.39,56.32911392405063,123234.87658227848,8794.260886075948,7,18589,1939.59,57,yumi****,재밌어요,와,다음화가,누가,누굴,주먹밥,1
744896,이거지롱,0.5899207632152343,0,11,18589,2119.39,56.32911392405063,123234.87658227848,8794.260886075948,5,16122,2029.89,57,yumi****,재밌어요,와,다음화가,누가,누굴,주먹밥,1
744896,이거지롱,0.5899207632152343,0,11,18589,2119.39,56.32911392405063,123234.87658227848,8794.260886075948,7,14665,1860.04,57,yumi****,재밌어요,와,다음화가,누가,누굴,주먹밥,1
744896,이거지롱,0.5899207632152343,0,11,18589,2119.39,56.32911392405063,123234.87658227848,8794.260886075948,4,14889,1799.3000000000002,57,yumi****,재밌어요,와,다음화가,누가,누굴,주먹밥,1
744896,이거지롱,0.5899207632152343,0,11,18589,2119.39,56.32911392405063,123234.87658227848,8794.260886075948,11,14947,2119.39,57,yumi****,재밌어요,와,다음화가,누가,누굴,주먹밥,1
