id,title,5th,10th,first_positive_5,second_view_1,third_rating_people_5,first_positive_5_mean,second_view_1_mean,third_rating_people_5_mean,positive,view,rating_people,comment_writer_count,comment_writer,pos_keyword_1,pos_keyword_2,pos_keyword_3,neg_keyword_1,neg_keyword_2,neg_keyword_3,label
733559,이거지롱,0.525125791553675,0,16,84725,2664.75,56.32911392405063,123234.87658227848,8794.260886075948,26,84725,3769.24,125,zkl4****,잼있어요,여주,주인공,왜,저렇게,아니,1
733559,이거지롱,0.525125791553675,0,16,84725,2664.75,56.32911392405063,123234.87658227848,8794.260886075948,8,89887,3323.67,125,zkl4****,잼있어요,여주,주인공,왜,저렇게,아니,1
733559,이거지롱,0.525125791553675,0,16,84725,2664.75,56.32911392405063,123234.87658227848,8794.260886075948,12,74614,3333.96,125,zkl4****,잼있어요,여주,주인공,왜,저렇게,아니,1
733559,이거지롱,0.525125791553675,0,16,84725,2664.75,56.32911392405063,123234.87658227848,8794.260886075948,11,65780,3152.2200000000003,125,zkl4****,잼있어요,여주,주인공,왜,저렇게,아니,1
733559,이거지롱,0.525125791553675,0,16,84725,2664.75,56.32911392405063,123234.87658227848,8794.260886075948,16,62228,2664.75,125,zkl4****,잼있어요,여주,주인공,왜,저렇게,아니,1
