id,title,5th,10th,first_positive_5,second_view_1,third_rating_people_5,first_positive_5_mean,second_view_1_mean,third_rating_people_5_mean,positive,view,rating_people,comment_writer_count,comment_writer,pos_keyword_1,pos_keyword_2,pos_keyword_3,neg_keyword_1,neg_keyword_2,neg_keyword_3,label
736196,이거지롱,0.6316478343882918,0,10,54554,2584.56,56.32911392405063,123234.87658227848,8794.260886075948,28,54554,3877.3,117,yuna****,대박,와,정식연재,이게네이버웹툰에새로나온해귀군요,수정하셔서,리메이크전,1
736196,이거지롱,0.6316478343882918,0,10,54554,2584.56,56.32911392405063,123234.87658227848,8794.260886075948,26,35354,3088.0,117,yuna****,대박,와,정식연재,이게네이버웹툰에새로나온해귀군요,수정하셔서,리메이크전,1
736196,이거지롱,0.6316478343882918,0,10,54554,2584.56,56.32911392405063,123234.87658227848,8794.260886075948,12,26956,2920.92,117,yuna****,대박,와,정식연재,이게네이버웹툰에새로나온해귀군요,수정하셔서,리메이크전,1
736196,이거지롱,0.6316478343882918,0,10,54554,2584.56,56.32911392405063,123234.87658227848,8794.260886075948,10,23863,2485.76,117,yuna****,대박,와,정식연재,이게네이버웹툰에새로나온해귀군요,수정하셔서,리메이크전,1
736196,이거지롱,0.6316478343882918,0,10,54554,2584.56,56.32911392405063,123234.87658227848,8794.260886075948,10,22555,2584.56,117,yuna****,대박,와,정식연재,이게네이버웹툰에새로나온해귀군요,수정하셔서,리메이크전,1
