id,title,5th,10th,first_positive_5,second_view_1,third_rating_people_5,first_positive_5_mean,second_view_1_mean,third_rating_people_5_mean,positive,view,rating_people,comment_writer_count,comment_writer,pos_keyword_1,pos_keyword_2,pos_keyword_3,neg_keyword_1,neg_keyword_2,neg_keyword_3,label
714912,이거지롱,0.747418172458381,0,109,304510,17548.48,56.32911392405063,123234.87658227848,8794.260886075948,404,304510,24634.85,816,zzzz****,이거대박난다,정식연재,와,부산,왜,있고,1
714912,이거지롱,0.747418172458381,0,109,304510,17548.48,56.32911392405063,123234.87658227848,8794.260886075948,175,197113,19078.28,816,zzzz****,이거대박난다,정식연재,와,부산,왜,있고,1
714912,이거지롱,0.747418172458381,0,109,304510,17548.48,56.32911392405063,123234.87658227848,8794.260886075948,105,170096,16044.29,816,zzzz****,이거대박난다,정식연재,와,부산,왜,있고,1
714912,이거지롱,0.747418172458381,0,109,304510,17548.48,56.32911392405063,123234.87658227848,8794.260886075948,108,154744,17592.3,816,zzzz****,이거대박난다,정식연재,와,부산,왜,있고,1
714912,이거지롱,0.747418172458381,0,109,304510,17548.48,56.32911392405063,123234.87658227848,8794.260886075948,109,150510,17548.48,816,zzzz****,이거대박난다,정식연재,와,부산,왜,있고,1
