id,title,5th,10th,first_positive_5,second_view_1,third_rating_people_5,first_positive_5_mean,second_view_1_mean,third_rating_people_5_mean,positive,view,rating_people,comment_writer_count,comment_writer,pos_keyword_1,pos_keyword_2,pos_keyword_3,neg_keyword_1,neg_keyword_2,neg_keyword_3,label
706927,이거지롱,0.5619640873379802,0,8,50447,1192.5,56.32911392405063,123234.87658227848,8794.260886075948,34,50447,2361.91,109,zlfk****,정식연재,와,이건,왜,거,그런,1
706927,이거지롱,0.5619640873379802,0,8,50447,1192.5,56.32911392405063,123234.87658227848,8794.260886075948,7,29831,1511.64,109,zlfk****,정식연재,와,이건,왜,거,그런,1
706927,이거지롱,0.5619640873379802,0,8,50447,1192.5,56.32911392405063,123234.87658227848,8794.260886075948,9,23992,1399.4399999999998,109,zlfk****,정식연재,와,이건,왜,거,그런,1
706927,이거지롱,0.5619640873379802,0,8,50447,1192.5,56.32911392405063,123234.87658227848,8794.260886075948,13,21655,1447.04,109,zlfk****,정식연재,와,이건,왜,거,그런,1
706927,이거지롱,0.5619640873379802,0,8,50447,1192.5,56.32911392405063,123234.87658227848,8794.260886075948,8,19269,1192.5,109,zlfk****,정식연재,와,이건,왜,거,그런,1
