id,title,5th,10th,first_positive_5,second_view_1,third_rating_people_5,first_positive_5_mean,second_view_1_mean,third_rating_people_5_mean,positive,view,rating_people,comment_writer_count,comment_writer,pos_keyword_1,pos_keyword_2,pos_keyword_3,neg_keyword_1,neg_keyword_2,neg_keyword_3,label
752333,이거지롱,0.6779566427538836,0,9,50199,1743.45,56.32911392405063,123234.87658227848,8794.260886075948,35,50199,3348.18,89,yoon****,와,좋아요,재밌어요,이게,뭔가,나만,1
752333,이거지롱,0.6779566427538836,0,9,50199,1743.45,56.32911392405063,123234.87658227848,8794.260886075948,13,23140,2001.82,89,yoon****,와,좋아요,재밌어요,이게,뭔가,나만,1
752333,이거지롱,0.6779566427538836,0,9,50199,1743.45,56.32911392405063,123234.87658227848,8794.260886075948,11,16620,1902.98,89,yoon****,와,좋아요,재밌어요,이게,뭔가,나만,1
752333,이거지롱,0.6779566427538836,0,9,50199,1743.45,56.32911392405063,123234.87658227848,8794.260886075948,10,15063,1693.6699999999998,89,yoon****,와,좋아요,재밌어요,이게,뭔가,나만,1
752333,이거지롱,0.6779566427538836,0,9,50199,1743.45,56.32911392405063,123234.87658227848,8794.260886075948,9,12848,1743.45,89,yoon****,와,좋아요,재밌어요,이게,뭔가,나만,1
