id,title,5th,10th,first_positive_5,second_view_1,third_rating_people_5,first_positive_5_mean,second_view_1_mean,third_rating_people_5_mean,positive,view,rating_people,comment_writer_count,comment_writer,pos_keyword_1,pos_keyword_2,pos_keyword_3,neg_keyword_1,neg_keyword_2,neg_keyword_3,label
786167,이거지롱,0.5682424124836191,0,7,16912,1237.9499999999998,56.32911392405063,123234.87658227848,8794.260886075948,40,16912,1940.68,111,zzxo****,응원합니다,빨리,베도,환생해서,만화가,왜,1
786167,이거지롱,0.5682424124836191,0,7,16912,1237.9499999999998,56.32911392405063,123234.87658227848,8794.260886075948,13,11277,1537.5500000000002,111,zzxo****,응원합니다,빨리,베도,환생해서,만화가,왜,1
786167,이거지롱,0.5682424124836191,0,7,16912,1237.9499999999998,56.32911392405063,123234.87658227848,8794.260886075948,16,9223,1359.36,111,zzxo****,응원합니다,빨리,베도,환생해서,만화가,왜,1
786167,이거지롱,0.5682424124836191,0,7,16912,1237.9499999999998,56.32911392405063,123234.87658227848,8794.260886075948,14,7536,1028.97,111,zzxo****,응원합니다,빨리,베도,환생해서,만화가,왜,1
786167,이거지롱,0.5682424124836191,0,7,16912,1237.9499999999998,56.32911392405063,123234.87658227848,8794.260886075948,7,8050,1237.9499999999998,111,zzxo****,응원합니다,빨리,베도,환생해서,만화가,왜,1
