id,title,5th,10th,first_positive_5,second_view_1,third_rating_people_5,first_positive_5_mean,second_view_1_mean,third_rating_people_5_mean,positive,view,rating_people,comment_writer_count,comment_writer,pos_keyword_1,pos_keyword_2,pos_keyword_3,neg_keyword_1,neg_keyword_2,neg_keyword_3,label
737061,이거지롱,0.6418808677587708,0,15,69296,4290.0,56.32911392405063,123234.87658227848,8794.260886075948,19,69296,6039.3,60,zzan****,오늘도,설기,재미있어요,못해요,저여자,초면에,1
737061,이거지롱,0.6418808677587708,0,15,69296,4290.0,56.32911392405063,123234.87658227848,8794.260886075948,22,58984,5214.42,60,zzan****,오늘도,설기,재미있어요,못해요,저여자,초면에,1
737061,이거지롱,0.6418808677587708,0,15,69296,4290.0,56.32911392405063,123234.87658227848,8794.260886075948,15,45230,4708.8,60,zzan****,오늘도,설기,재미있어요,못해요,저여자,초면에,1
737061,이거지롱,0.6418808677587708,0,15,69296,4290.0,56.32911392405063,123234.87658227848,8794.260886075948,10,38404,4669.56,60,zzan****,오늘도,설기,재미있어요,못해요,저여자,초면에,1
737061,이거지롱,0.6418808677587708,0,15,69296,4290.0,56.32911392405063,123234.87658227848,8794.260886075948,15,35918,4290.0,60,zzan****,오늘도,설기,재미있어요,못해요,저여자,초면에,1
