id,title,5th,10th,first_positive_5,second_view_1,third_rating_people_5,first_positive_5_mean,second_view_1_mean,third_rating_people_5_mean,positive,view,rating_people,comment_writer_count,comment_writer,pos_keyword_1,pos_keyword_2,pos_keyword_3,neg_keyword_1,neg_keyword_2,neg_keyword_3,label
712048,이거지롱,0.5429097981175934,0,10,89878,3392.64,56.32911392405063,123234.87658227848,8794.260886075948,10,89878,3703.6,80,zzz0****,그림체,왜,토끼가,뭔가,토끼,하지마,1
712048,이거지롱,0.5429097981175934,0,10,89878,3392.64,56.32911392405063,123234.87658227848,8794.260886075948,17,99436,4289.099999999999,80,zzz0****,그림체,왜,토끼가,뭔가,토끼,하지마,1
712048,이거지롱,0.5429097981175934,0,10,89878,3392.64,56.32911392405063,123234.87658227848,8794.260886075948,13,76632,4102.74,80,zzz0****,그림체,왜,토끼가,뭔가,토끼,하지마,1
712048,이거지롱,0.5429097981175934,0,10,89878,3392.64,56.32911392405063,123234.87658227848,8794.260886075948,10,72330,3934.27,80,zzz0****,그림체,왜,토끼가,뭔가,토끼,하지마,1
712048,이거지롱,0.5429097981175934,0,10,89878,3392.64,56.32911392405063,123234.87658227848,8794.260886075948,10,66556,3392.64,80,zzz0****,그림체,왜,토끼가,뭔가,토끼,하지마,1
