id,title,5th,10th,first_positive_5,second_view_1,third_rating_people_5,first_positive_5_mean,second_view_1_mean,third_rating_people_5_mean,positive,view,rating_people,comment_writer_count,comment_writer,pos_keyword_1,pos_keyword_2,pos_keyword_3,neg_keyword_1,neg_keyword_2,neg_keyword_3,label
767339,이거지롱,0.592812010453551,0,1,17064,351.87,56.32911392405063,123234.87658227848,8794.260886075948,4,17064,583.7,17,soll****,와,저만,표지밖에,이게,제일,ㅁ,1
767339,이거지롱,0.592812010453551,0,1,17064,351.87,56.32911392405063,123234.87658227848,8794.260886075948,1,8231,414.04,17,soll****,와,저만,표지밖에,이게,제일,ㅁ,1
767339,이거지롱,0.592812010453551,0,1,17064,351.87,56.32911392405063,123234.87658227848,8794.260886075948,1,4506,362.14,17,soll****,와,저만,표지밖에,이게,제일,ㅁ,1
767339,이거지롱,0.592812010453551,0,1,17064,351.87,56.32911392405063,123234.87658227848,8794.260886075948,2,3755,401.94,17,soll****,와,저만,표지밖에,이게,제일,ㅁ,1
767339,이거지롱,0.592812010453551,0,1,17064,351.87,56.32911392405063,123234.87658227848,8794.260886075948,1,3568,351.87,17,soll****,와,저만,표지밖에,이게,제일,ㅁ,1
