id,title,5th,10th,first_positive_5,second_view_1,third_rating_people_5,first_positive_5_mean,second_view_1_mean,third_rating_people_5_mean,positive,view,rating_people,comment_writer_count,comment_writer,pos_keyword_1,pos_keyword_2,pos_keyword_3,neg_keyword_1,neg_keyword_2,neg_keyword_3,label
736092,이거지롱,0.599332368318885,0,5,18252,950.82,56.32911392405063,123234.87658227848,8794.260886075948,9,18252,1136.49,31,zzan****,재밌어요,성공하세요,넘,오글,돈으로,살수없는게있다면,1
736092,이거지롱,0.599332368318885,0,5,18252,950.82,56.32911392405063,123234.87658227848,8794.260886075948,7,12274,977.98,31,zzan****,재밌어요,성공하세요,넘,오글,돈으로,살수없는게있다면,1
736092,이거지롱,0.599332368318885,0,5,18252,950.82,56.32911392405063,123234.87658227848,8794.260886075948,6,10344,782.9999999999999,31,zzan****,재밌어요,성공하세요,넘,오글,돈으로,살수없는게있다면,1
736092,이거지롱,0.599332368318885,0,5,18252,950.82,56.32911392405063,123234.87658227848,8794.260886075948,9,9287,755.6500000000001,31,zzan****,재밌어요,성공하세요,넘,오글,돈으로,살수없는게있다면,1
736092,이거지롱,0.599332368318885,0,5,18252,950.82,56.32911392405063,123234.87658227848,8794.260886075948,5,8695,950.82,31,zzan****,재밌어요,성공하세요,넘,오글,돈으로,살수없는게있다면,1
