id,title,5th,10th,first_positive_5,second_view_1,third_rating_people_5,first_positive_5_mean,second_view_1_mean,third_rating_people_5_mean,positive,view,rating_people,comment_writer_count,comment_writer,pos_keyword_1,pos_keyword_2,pos_keyword_3,neg_keyword_1,neg_keyword_2,neg_keyword_3,label
720220,이거지롱,0.5722674961694895,0,7,86635,4683.5,56.32911392405063,123234.87658227848,8794.260886075948,22,86635,6549.509999999999,108,zodi****,수영,수영을,넘,수영,어떻게,지금,1
720220,이거지롱,0.5722674961694895,0,7,86635,4683.5,56.32911392405063,123234.87658227848,8794.260886075948,16,60924,5175.14,108,zodi****,수영,수영을,넘,수영,어떻게,지금,1
720220,이거지롱,0.5722674961694895,0,7,86635,4683.5,56.32911392405063,123234.87658227848,8794.260886075948,20,50255,5313.6,108,zodi****,수영,수영을,넘,수영,어떻게,지금,1
720220,이거지롱,0.5722674961694895,0,7,86635,4683.5,56.32911392405063,123234.87658227848,8794.260886075948,7,45404,4490.849999999999,108,zodi****,수영,수영을,넘,수영,어떻게,지금,1
720220,이거지롱,0.5722674961694895,0,7,86635,4683.5,56.32911392405063,123234.87658227848,8794.260886075948,7,43117,4683.5,108,zodi****,수영,수영을,넘,수영,어떻게,지금,1
