id,title,5th,10th,first_positive_5,second_view_1,third_rating_people_5,first_positive_5_mean,second_view_1_mean,third_rating_people_5_mean,positive,view,rating_people,comment_writer_count,comment_writer,pos_keyword_1,pos_keyword_2,pos_keyword_3,neg_keyword_1,neg_keyword_2,neg_keyword_3,label
702700,이거지롱,0.631418559998774,0,27,128918,5447.05,56.32911392405063,123234.87658227848,8794.260886075948,30,128918,6487.8,131,yyc1****,그림체,와,완전,차가,차랑,시람이랑,1
702700,이거지롱,0.631418559998774,0,27,128918,5447.05,56.32911392405063,123234.87658227848,8794.260886075948,28,137151,5870.200000000001,131,yyc1****,그림체,와,완전,차가,차랑,시람이랑,1
702700,이거지롱,0.631418559998774,0,27,128918,5447.05,56.32911392405063,123234.87658227848,8794.260886075948,19,102668,4880.0,131,yyc1****,그림체,와,완전,차가,차랑,시람이랑,1
702700,이거지롱,0.631418559998774,0,27,128918,5447.05,56.32911392405063,123234.87658227848,8794.260886075948,23,88114,5357.35,131,yyc1****,그림체,와,완전,차가,차랑,시람이랑,1
702700,이거지롱,0.631418559998774,0,27,128918,5447.05,56.32911392405063,123234.87658227848,8794.260886075948,27,87536,5447.05,131,yyc1****,그림체,와,완전,차가,차랑,시람이랑,1
