id,title,5th,10th,first_positive_5,second_view_1,third_rating_people_5,first_positive_5_mean,second_view_1_mean,third_rating_people_5_mean,positive,view,rating_people,comment_writer_count,comment_writer,pos_keyword_1,pos_keyword_2,pos_keyword_3,neg_keyword_1,neg_keyword_2,neg_keyword_3,label
708446,이거지롱,0.5714860798946307,0,37,247001,13199.68,56.32911392405063,123234.87658227848,8794.260886075948,25,247001,10718.82,288,zntm****,정순이,재밌어요,사이다,뭔가,아니라,그냥,1
708446,이거지롱,0.5714860798946307,0,37,247001,13199.68,56.32911392405063,123234.87658227848,8794.260886075948,33,266703,14092.02,288,zntm****,정순이,재밌어요,사이다,뭔가,아니라,그냥,1
708446,이거지롱,0.5714860798946307,0,37,247001,13199.68,56.32911392405063,123234.87658227848,8794.260886075948,37,241535,14666.61,288,zntm****,정순이,재밌어요,사이다,뭔가,아니라,그냥,1
708446,이거지롱,0.5714860798946307,0,37,247001,13199.68,56.32911392405063,123234.87658227848,8794.260886075948,38,225818,14741.1,288,zntm****,정순이,재밌어요,사이다,뭔가,아니라,그냥,1
708446,이거지롱,0.5714860798946307,0,37,247001,13199.68,56.32911392405063,123234.87658227848,8794.260886075948,37,215575,13199.68,288,zntm****,정순이,재밌어요,사이다,뭔가,아니라,그냥,1
