id,title,5th,10th,first_positive_5,second_view_1,third_rating_people_5,first_positive_5_mean,second_view_1_mean,third_rating_people_5_mean,positive,view,rating_people,comment_writer_count,comment_writer,pos_keyword_1,pos_keyword_2,pos_keyword_3,neg_keyword_1,neg_keyword_2,neg_keyword_3,label
777086,이거지롱,0.52163295975324,0,9,42152,3829.84,56.32911392405063,123234.87658227848,8794.260886075948,15,42152,5597.400000000001,137,zxdd****,좋은,농사를,정식,내용이,같은,뭔가,1
777086,이거지롱,0.52163295975324,0,9,42152,3829.84,56.32911392405063,123234.87658227848,8794.260886075948,38,49460,6697.24,137,zxdd****,좋은,농사를,정식,내용이,같은,뭔가,1
777086,이거지롱,0.52163295975324,0,9,42152,3829.84,56.32911392405063,123234.87658227848,8794.260886075948,16,32237,5018.02,137,zxdd****,좋은,농사를,정식,내용이,같은,뭔가,1
777086,이거지롱,0.52163295975324,0,9,42152,3829.84,56.32911392405063,123234.87658227848,8794.260886075948,14,22846,4153.5,137,zxdd****,좋은,농사를,정식,내용이,같은,뭔가,1
777086,이거지롱,0.52163295975324,0,9,42152,3829.84,56.32911392405063,123234.87658227848,8794.260886075948,9,17319,3829.84,137,zxdd****,좋은,농사를,정식,내용이,같은,뭔가,1
