id,title,5th,10th,first_positive_5,second_view_1,third_rating_people_5,first_positive_5_mean,second_view_1_mean,third_rating_people_5_mean,positive,view,rating_people,comment_writer_count,comment_writer,pos_keyword_1,pos_keyword_2,pos_keyword_3,neg_keyword_1,neg_keyword_2,neg_keyword_3,label
761467,이거지롱,0.7439876038740041,0,149,440749,17537.0,56.32911392405063,123234.87658227848,8794.260886075948,265,440749,25426.56,760,zxdf****,정식연재,왜,와,이게,왜,네이버,1
761467,이거지롱,0.7439876038740041,0,149,440749,17537.0,56.32911392405063,123234.87658227848,8794.260886075948,84,278581,18999.75,760,zxdf****,정식연재,왜,와,이게,왜,네이버,1
761467,이거지롱,0.7439876038740041,0,149,440749,17537.0,56.32911392405063,123234.87658227848,8794.260886075948,97,225243,15871.92,760,zxdf****,정식연재,왜,와,이게,왜,네이버,1
761467,이거지롱,0.7439876038740041,0,149,440749,17537.0,56.32911392405063,123234.87658227848,8794.260886075948,103,221919,17040.5,760,zxdf****,정식연재,왜,와,이게,왜,네이버,1
761467,이거지롱,0.7439876038740041,0,149,440749,17537.0,56.32911392405063,123234.87658227848,8794.260886075948,149,202125,17537.0,760,zxdf****,정식연재,왜,와,이게,왜,네이버,1
