id,title,5th,10th,first_positive_5,second_view_1,third_rating_people_5,first_positive_5_mean,second_view_1_mean,third_rating_people_5_mean,positive,view,rating_people,comment_writer_count,comment_writer,pos_keyword_1,pos_keyword_2,pos_keyword_3,neg_keyword_1,neg_keyword_2,neg_keyword_3,label
732285,이거지롱,0.6471968211872476,0,9,53923,1523.56,56.32911392405063,123234.87658227848,8794.260886075948,15,53923,3113.7,59,zlfk****,가즈아,지가,재미있어요,중형세단,노루털,처음,1
732285,이거지롱,0.6471968211872476,0,9,53923,1523.56,56.32911392405063,123234.87658227848,8794.260886075948,5,34939,2354.57,59,zlfk****,가즈아,지가,재미있어요,중형세단,노루털,처음,1
732285,이거지롱,0.6471968211872476,0,9,53923,1523.56,56.32911392405063,123234.87658227848,8794.260886075948,6,30449,2025.92,59,zlfk****,가즈아,지가,재미있어요,중형세단,노루털,처음,1
732285,이거지롱,0.6471968211872476,0,9,53923,1523.56,56.32911392405063,123234.87658227848,8794.260886075948,10,25988,2140.08,59,zlfk****,가즈아,지가,재미있어요,중형세단,노루털,처음,1
732285,이거지롱,0.6471968211872476,0,9,53923,1523.56,56.32911392405063,123234.87658227848,8794.260886075948,9,19435,1523.56,59,zlfk****,가즈아,지가,재미있어요,중형세단,노루털,처음,1
