id,title,5th,10th,first_positive_5,second_view_1,third_rating_people_5,first_positive_5_mean,second_view_1_mean,third_rating_people_5_mean,positive,view,rating_people,comment_writer_count,comment_writer,pos_keyword_1,pos_keyword_2,pos_keyword_3,neg_keyword_1,neg_keyword_2,neg_keyword_3,label
733414,이거지롱,0.747418172458381,0,98,284650,11035.96,56.32911392405063,123234.87658227848,8794.260886075948,69,284650,14042.6,365,zxdd****,정식연재,가자,와,뭐야,이게,황태자,1
733414,이거지롱,0.747418172458381,0,98,284650,11035.96,56.32911392405063,123234.87658227848,8794.260886075948,29,160304,10815.3,365,zxdd****,정식연재,가자,와,뭐야,이게,황태자,1
733414,이거지롱,0.747418172458381,0,98,284650,11035.96,56.32911392405063,123234.87658227848,8794.260886075948,103,139211,13865.78,365,zxdd****,정식연재,가자,와,뭐야,이게,황태자,1
733414,이거지롱,0.747418172458381,0,98,284650,11035.96,56.32911392405063,123234.87658227848,8794.260886075948,89,123115,12329.52,365,zxdd****,정식연재,가자,와,뭐야,이게,황태자,1
733414,이거지롱,0.747418172458381,0,98,284650,11035.96,56.32911392405063,123234.87658227848,8794.260886075948,98,119661,11035.96,365,zxdd****,정식연재,가자,와,뭐야,이게,황태자,1
