id,title,5th,10th,first_positive_5,second_view_1,third_rating_people_5,first_positive_5_mean,second_view_1_mean,third_rating_people_5_mean,positive,view,rating_people,comment_writer_count,comment_writer,pos_keyword_1,pos_keyword_2,pos_keyword_3,neg_keyword_1,neg_keyword_2,neg_keyword_3,label
777538,이거지롱,0.6333474737458955,0,10,13757,575.82,56.32911392405063,123234.87658227848,8794.260886075948,15,13757,848.12,38,youy****,재밌어요,그림체,일러스트,사람이,뭔가가,있는것같은데,1
777538,이거지롱,0.6333474737458955,0,10,13757,575.82,56.32911392405063,123234.87658227848,8794.260886075948,9,7865,699.6600000000001,38,youy****,재밌어요,그림체,일러스트,사람이,뭔가가,있는것같은데,1
777538,이거지롱,0.6333474737458955,0,10,13757,575.82,56.32911392405063,123234.87658227848,8794.260886075948,7,6131,564.0,38,youy****,재밌어요,그림체,일러스트,사람이,뭔가가,있는것같은데,1
777538,이거지롱,0.6333474737458955,0,10,13757,575.82,56.32911392405063,123234.87658227848,8794.260886075948,11,6309,696.34,38,youy****,재밌어요,그림체,일러스트,사람이,뭔가가,있는것같은데,1
777538,이거지롱,0.6333474737458955,0,10,13757,575.82,56.32911392405063,123234.87658227848,8794.260886075948,10,5289,575.82,38,youy****,재밌어요,그림체,일러스트,사람이,뭔가가,있는것같은데,1
