id,title,5th,10th,first_positive_5,second_view_1,third_rating_people_5,first_positive_5_mean,second_view_1_mean,third_rating_people_5_mean,positive,view,rating_people,comment_writer_count,comment_writer,pos_keyword_1,pos_keyword_2,pos_keyword_3,neg_keyword_1,neg_keyword_2,neg_keyword_3,label
778214,이거지롱,0.6958484931421111,0,35,19122,1823.25,56.32911392405063,123234.87658227848,8794.260886075948,8,19122,1148.02,79,zlzl****,재밌어요,다음화,와,오랜만에,볼려고,왔더니,1
778214,이거지롱,0.6958484931421111,0,35,19122,1823.25,56.32911392405063,123234.87658227848,8794.260886075948,4,13529,592.83,79,zlzl****,재밌어요,다음화,와,오랜만에,볼려고,왔더니,1
778214,이거지롱,0.6958484931421111,0,35,19122,1823.25,56.32911392405063,123234.87658227848,8794.260886075948,9,9039,637.0,79,zlzl****,재밌어요,다음화,와,오랜만에,볼려고,왔더니,1
778214,이거지롱,0.6958484931421111,0,35,19122,1823.25,56.32911392405063,123234.87658227848,8794.260886075948,13,7828,692.0400000000001,79,zlzl****,재밌어요,다음화,와,오랜만에,볼려고,왔더니,1
778214,이거지롱,0.6958484931421111,0,35,19122,1823.25,56.32911392405063,123234.87658227848,8794.260886075948,35,15267,1823.25,79,zlzl****,재밌어요,다음화,와,오랜만에,볼려고,왔더니,1
