id,title,5th,10th,first_positive_5,second_view_1,third_rating_people_5,first_positive_5_mean,second_view_1_mean,third_rating_people_5_mean,positive,view,rating_people,comment_writer_count,comment_writer,pos_keyword_1,pos_keyword_2,pos_keyword_3,neg_keyword_1,neg_keyword_2,neg_keyword_3,label
723062,이거지롱,0.6635563368991481,0,16,58929,2616.6000000000004,56.32911392405063,123234.87658227848,8794.260886075948,26,58929,4619.16,105,yume****,좋아요,결혼을,있을,결혼하고,아무런,아니,1
723062,이거지롱,0.6635563368991481,0,16,58929,2616.6000000000004,56.32911392405063,123234.87658227848,8794.260886075948,15,35190,3961.49,105,yume****,좋아요,결혼을,있을,결혼하고,아무런,아니,1
723062,이거지롱,0.6635563368991481,0,16,58929,2616.6000000000004,56.32911392405063,123234.87658227848,8794.260886075948,25,26068,4118.400000000001,105,yume****,좋아요,결혼을,있을,결혼하고,아무런,아니,1
723062,이거지롱,0.6635563368991481,0,16,58929,2616.6000000000004,56.32911392405063,123234.87658227848,8794.260886075948,6,21622,2948.14,105,yume****,좋아요,결혼을,있을,결혼하고,아무런,아니,1
723062,이거지롱,0.6635563368991481,0,16,58929,2616.6000000000004,56.32911392405063,123234.87658227848,8794.260886075948,16,19097,2616.6000000000004,105,yume****,좋아요,결혼을,있을,결혼하고,아무런,아니,1
