id,title,5th,10th,first_positive_5,second_view_1,third_rating_people_5,first_positive_5_mean,second_view_1_mean,third_rating_people_5_mean,positive,view,rating_people,comment_writer_count,comment_writer,pos_keyword_1,pos_keyword_2,pos_keyword_3,neg_keyword_1,neg_keyword_2,neg_keyword_3,label
73774,이거지롱,0.5302921093669053,0,22,5628,1215.39,56.32911392405063,123234.87658227848,8794.260886075948,39,5628,1447.6,148,zkzk****,재밌어요,재밌네요,재밌음,나만,뭐야,이게,1
73774,이거지롱,0.5302921093669053,0,22,5628,1215.39,56.32911392405063,123234.87658227848,8794.260886075948,9,2198,1148.02,148,zkzk****,재밌어요,재밌네요,재밌음,나만,뭐야,이게,1
73774,이거지롱,0.5302921093669053,0,22,5628,1215.39,56.32911392405063,123234.87658227848,8794.260886075948,29,768,1277.02,148,zkzk****,재밌어요,재밌네요,재밌음,나만,뭐야,이게,1
73774,이거지롱,0.5302921093669053,0,22,5628,1215.39,56.32911392405063,123234.87658227848,8794.260886075948,16,422,1223.46,148,zkzk****,재밌어요,재밌네요,재밌음,나만,뭐야,이게,1
73774,이거지롱,0.5302921093669053,0,22,5628,1215.39,56.32911392405063,123234.87658227848,8794.260886075948,22,310,1215.39,148,zkzk****,재밌어요,재밌네요,재밌음,나만,뭐야,이게,1
