id,title,5th,10th,first_positive_5,second_view_1,third_rating_people_5,first_positive_5_mean,second_view_1_mean,third_rating_people_5_mean,positive,view,rating_people,comment_writer_count,comment_writer,pos_keyword_1,pos_keyword_2,pos_keyword_3,neg_keyword_1,neg_keyword_2,neg_keyword_3,label
718173,이거지롱,0.6613805054467872,0,40,86585,5973.56,56.32911392405063,123234.87658227848,8794.260886075948,30,86585,6036.120000000001,165,zkzk****,이건,대박,정식연재,어떻게,있는데,만화,1
718173,이거지롱,0.6613805054467872,0,40,86585,5973.56,56.32911392405063,123234.87658227848,8794.260886075948,31,62874,5611.320000000001,165,zkzk****,이건,대박,정식연재,어떻게,있는데,만화,1
718173,이거지롱,0.6613805054467872,0,40,86585,5973.56,56.32911392405063,123234.87658227848,8794.260886075948,31,52644,5921.999999999999,165,zkzk****,이건,대박,정식연재,어떻게,있는데,만화,1
718173,이거지롱,0.6613805054467872,0,40,86585,5973.56,56.32911392405063,123234.87658227848,8794.260886075948,17,49180,5380.16,165,zkzk****,이건,대박,정식연재,어떻게,있는데,만화,1
718173,이거지롱,0.6613805054467872,0,40,86585,5973.56,56.32911392405063,123234.87658227848,8794.260886075948,40,45713,5973.56,165,zkzk****,이건,대박,정식연재,어떻게,있는데,만화,1
