id,title,5th,10th,first_positive_5,second_view_1,third_rating_people_5,first_positive_5_mean,second_view_1_mean,third_rating_people_5_mean,positive,view,rating_people,comment_writer_count,comment_writer,pos_keyword_1,pos_keyword_2,pos_keyword_3,neg_keyword_1,neg_keyword_2,neg_keyword_3,label
714207,이거지롱,0.62442258805891,0,19,109549,1887.88,56.32911392405063,123234.87658227848,8794.260886075948,42,109549,2961.67,145,yuk1****,오,존잼,재밌어요,정확하게,왜,난,1
714207,이거지롱,0.62442258805891,0,19,109549,1887.88,56.32911392405063,123234.87658227848,8794.260886075948,26,75183,2530.44,145,yuk1****,오,존잼,재밌어요,정확하게,왜,난,1
714207,이거지롱,0.62442258805891,0,19,109549,1887.88,56.32911392405063,123234.87658227848,8794.260886075948,23,63678,2569.05,145,yuk1****,오,존잼,재밌어요,정확하게,왜,난,1
714207,이거지롱,0.62442258805891,0,19,109549,1887.88,56.32911392405063,123234.87658227848,8794.260886075948,21,52701,2750.94,145,yuk1****,오,존잼,재밌어요,정확하게,왜,난,1
714207,이거지롱,0.62442258805891,0,19,109549,1887.88,56.32911392405063,123234.87658227848,8794.260886075948,19,48835,1887.88,145,yuk1****,오,존잼,재밌어요,정확하게,왜,난,1
