id,title,5th,10th,first_positive_5,second_view_1,third_rating_people_5,first_positive_5_mean,second_view_1_mean,third_rating_people_5_mean,positive,view,rating_people,comment_writer_count,comment_writer,pos_keyword_1,pos_keyword_2,pos_keyword_3,neg_keyword_1,neg_keyword_2,neg_keyword_3,label
721777,이거지롱,0.5915351831916011,0,26,215747,12285.9,56.32911392405063,123234.87658227848,8794.260886075948,84,215747,19030.88,210,znzl****,수학과,와,마지막,해석학,학잠,극혐,1
721777,이거지롱,0.5915351831916011,0,26,215747,12285.9,56.32911392405063,123234.87658227848,8794.260886075948,28,199254,14720.98,210,znzl****,수학과,와,마지막,해석학,학잠,극혐,1
721777,이거지롱,0.5915351831916011,0,26,215747,12285.9,56.32911392405063,123234.87658227848,8794.260886075948,25,151765,12622.5,210,znzl****,수학과,와,마지막,해석학,학잠,극혐,1
721777,이거지롱,0.5915351831916011,0,26,215747,12285.9,56.32911392405063,123234.87658227848,8794.260886075948,15,129903,12659.2,210,znzl****,수학과,와,마지막,해석학,학잠,극혐,1
721777,이거지롱,0.5915351831916011,0,26,215747,12285.9,56.32911392405063,123234.87658227848,8794.260886075948,26,119298,12285.9,210,znzl****,수학과,와,마지막,해석학,학잠,극혐,1
