id,title,5th,10th,first_positive_5,second_view_1,third_rating_people_5,first_positive_5_mean,second_view_1_mean,third_rating_people_5_mean,positive,view,rating_people,comment_writer_count,comment_writer,pos_keyword_1,pos_keyword_2,pos_keyword_3,neg_keyword_1,neg_keyword_2,neg_keyword_3,label
733747,이거지롱,0.6941583153334348,0,34,95714,4741.38,56.32911392405063,123234.87658227848,8794.260886075948,63,95714,10956.92,192,zmr1****,와,왜,좋아요,뭐야,아니,완전,1
733747,이거지롱,0.6941583153334348,0,34,95714,4741.38,56.32911392405063,123234.87658227848,8794.260886075948,39,71298,6879.6,192,zmr1****,와,왜,좋아요,뭐야,아니,완전,1
733747,이거지롱,0.6941583153334348,0,34,95714,4741.38,56.32911392405063,123234.87658227848,8794.260886075948,23,45743,5811.400000000001,192,zmr1****,와,왜,좋아요,뭐야,아니,완전,1
733747,이거지롱,0.6941583153334348,0,34,95714,4741.38,56.32911392405063,123234.87658227848,8794.260886075948,43,39466,5454.360000000001,192,zmr1****,와,왜,좋아요,뭐야,아니,완전,1
733747,이거지롱,0.6941583153334348,0,34,95714,4741.38,56.32911392405063,123234.87658227848,8794.260886075948,34,33341,4741.38,192,zmr1****,와,왜,좋아요,뭐야,아니,완전,1
