id,title,5th,10th,first_positive_5,second_view_1,third_rating_people_5,first_positive_5_mean,second_view_1_mean,third_rating_people_5_mean,positive,view,rating_people,comment_writer_count,comment_writer,pos_keyword_1,pos_keyword_2,pos_keyword_3,neg_keyword_1,neg_keyword_2,neg_keyword_3,label
753356,이거지롱,0.6861162459525919,0,49,65343,6264.599999999999,56.32911392405063,123234.87658227848,8794.260886075948,37,65343,4182.48,196,yuji****,와,그림체,재밌어요,협의,중,뭐냐,1
753356,이거지롱,0.6861162459525919,0,49,65343,6264.599999999999,56.32911392405063,123234.87658227848,8794.260886075948,20,44956,3208.24,196,yuji****,와,그림체,재밌어요,협의,중,뭐냐,1
753356,이거지롱,0.6861162459525919,0,49,65343,6264.599999999999,56.32911392405063,123234.87658227848,8794.260886075948,8,31939,2588.88,196,yuji****,와,그림체,재밌어요,협의,중,뭐냐,1
753356,이거지롱,0.6861162459525919,0,49,65343,6264.599999999999,56.32911392405063,123234.87658227848,8794.260886075948,12,30576,2892.0,196,yuji****,와,그림체,재밌어요,협의,중,뭐냐,1
753356,이거지롱,0.6861162459525919,0,49,65343,6264.599999999999,56.32911392405063,123234.87658227848,8794.260886075948,49,30752,6264.599999999999,196,yuji****,와,그림체,재밌어요,협의,중,뭐냐,1
