id,title,5th,10th,first_positive_5,second_view_1,third_rating_people_5,first_positive_5_mean,second_view_1_mean,third_rating_people_5_mean,positive,view,rating_people,comment_writer_count,comment_writer,pos_keyword_1,pos_keyword_2,pos_keyword_3,neg_keyword_1,neg_keyword_2,neg_keyword_3,label
765236,이거지롱,0.4420008108813469,0,9,29918,2220.06,56.32911392405063,123234.87658227848,8794.260886075948,22,29918,2525.25,81,zxc0****,재밌어요,와,꼭,저렇게,남자아이,실제로,1
765236,이거지롱,0.4420008108813469,0,9,29918,2220.06,56.32911392405063,123234.87658227848,8794.260886075948,9,29111,2437.84,81,zxc0****,재밌어요,와,꼭,저렇게,남자아이,실제로,1
765236,이거지롱,0.4420008108813469,0,9,29918,2220.06,56.32911392405063,123234.87658227848,8794.260886075948,13,22932,2708.75,81,zxc0****,재밌어요,와,꼭,저렇게,남자아이,실제로,1
765236,이거지롱,0.4420008108813469,0,9,29918,2220.06,56.32911392405063,123234.87658227848,8794.260886075948,12,19660,2381.4,81,zxc0****,재밌어요,와,꼭,저렇게,남자아이,실제로,1
765236,이거지롱,0.4420008108813469,0,9,29918,2220.06,56.32911392405063,123234.87658227848,8794.260886075948,9,18748,2220.06,81,zxc0****,재밌어요,와,꼭,저렇게,남자아이,실제로,1
