id,title,5th,10th,first_positive_5,second_view_1,third_rating_people_5,first_positive_5_mean,second_view_1_mean,third_rating_people_5_mean,positive,view,rating_people,comment_writer_count,comment_writer,pos_keyword_1,pos_keyword_2,pos_keyword_3,neg_keyword_1,neg_keyword_2,neg_keyword_3,label
737580,이거지롱,0.73404428162856,0,26,166456,3452.34,56.32911392405063,123234.87658227848,8794.260886075948,61,166456,4875.6,154,zzz0****,정식연재,그림체,하준이,웹툰,안보이는거,나만,1
737580,이거지롱,0.73404428162856,0,26,166456,3452.34,56.32911392405063,123234.87658227848,8794.260886075948,18,108315,3330.53,154,zzz0****,정식연재,그림체,하준이,웹툰,안보이는거,나만,1
737580,이거지롱,0.73404428162856,0,26,166456,3452.34,56.32911392405063,123234.87658227848,8794.260886075948,18,79772,2920.92,154,zzz0****,정식연재,그림체,하준이,웹툰,안보이는거,나만,1
737580,이거지롱,0.73404428162856,0,26,166456,3452.34,56.32911392405063,123234.87658227848,8794.260886075948,38,74110,3354.54,154,zzz0****,정식연재,그림체,하준이,웹툰,안보이는거,나만,1
737580,이거지롱,0.73404428162856,0,26,166456,3452.34,56.32911392405063,123234.87658227848,8794.260886075948,26,78596,3452.34,154,zzz0****,정식연재,그림체,하준이,웹툰,안보이는거,나만,1
