id,title,5th,10th,first_positive_5,second_view_1,third_rating_people_5,first_positive_5_mean,second_view_1_mean,third_rating_people_5_mean,positive,view,rating_people,comment_writer_count,comment_writer,pos_keyword_1,pos_keyword_2,pos_keyword_3,neg_keyword_1,neg_keyword_2,neg_keyword_3,label
702873,이거지롱,0.5832449033872218,0,8,47150,4573.12,56.32911392405063,123234.87658227848,8794.260886075948,21,47150,4426.240000000001,68,zzxo****,감사합니다,작품,좋은,핀드리퍼,저렇게,쓰는거군요,1
702873,이거지롱,0.5832449033872218,0,8,47150,4573.12,56.32911392405063,123234.87658227848,8794.260886075948,11,47308,4756.47,68,zzxo****,감사합니다,작품,좋은,핀드리퍼,저렇게,쓰는거군요,1
702873,이거지롱,0.5832449033872218,0,8,47150,4573.12,56.32911392405063,123234.87658227848,8794.260886075948,15,42434,5277.44,68,zzxo****,감사합니다,작품,좋은,핀드리퍼,저렇게,쓰는거군요,1
702873,이거지롱,0.5832449033872218,0,8,47150,4573.12,56.32911392405063,123234.87658227848,8794.260886075948,14,38905,5187.6,68,zzxo****,감사합니다,작품,좋은,핀드리퍼,저렇게,쓰는거군요,1
702873,이거지롱,0.5832449033872218,0,8,47150,4573.12,56.32911392405063,123234.87658227848,8794.260886075948,8,34773,4573.12,68,zzxo****,감사합니다,작품,좋은,핀드리퍼,저렇게,쓰는거군요,1
