id,title,5th,10th,first_positive_5,second_view_1,third_rating_people_5,first_positive_5_mean,second_view_1_mean,third_rating_people_5_mean,positive,view,rating_people,comment_writer_count,comment_writer,pos_keyword_1,pos_keyword_2,pos_keyword_3,neg_keyword_1,neg_keyword_2,neg_keyword_3,label
740504,이거지롱,0.6610493404439465,0,15,20258,1515.27,56.32911392405063,123234.87658227848,8794.260886075948,40,20258,3345.0800000000004,98,yuha****,도담이,귀엽고,귀여워,위펄래시,왔는데,1화,1
740504,이거지롱,0.6610493404439465,0,15,20258,1515.27,56.32911392405063,123234.87658227848,8794.260886075948,14,12073,2073.6,98,yuha****,도담이,귀엽고,귀여워,위펄래시,왔는데,1화,1
740504,이거지롱,0.6610493404439465,0,15,20258,1515.27,56.32911392405063,123234.87658227848,8794.260886075948,12,9512,1687.84,98,yuha****,도담이,귀엽고,귀여워,위펄래시,왔는데,1화,1
740504,이거지롱,0.6610493404439465,0,15,20258,1515.27,56.32911392405063,123234.87658227848,8794.260886075948,14,8489,1818.18,98,yuha****,도담이,귀엽고,귀여워,위펄래시,왔는데,1화,1
740504,이거지롱,0.6610493404439465,0,15,20258,1515.27,56.32911392405063,123234.87658227848,8794.260886075948,15,7718,1515.27,98,yuha****,도담이,귀엽고,귀여워,위펄래시,왔는데,1화,1
