id,title,5th,10th,first_positive_5,second_view_1,third_rating_people_5,first_positive_5_mean,second_view_1_mean,third_rating_people_5_mean,positive,view,rating_people,comment_writer_count,comment_writer,pos_keyword_1,pos_keyword_2,pos_keyword_3,neg_keyword_1,neg_keyword_2,neg_keyword_3,label
734419,이거지롱,0.6158131852413463,0,14,28531,1093.84,56.32911392405063,123234.87658227848,8794.260886075948,23,28531,1706.2800000000002,56,yunj****,리메이크,재밌어요,좋아요,ㅉㅉㅉ,노잼,첨,1
734419,이거지롱,0.6158131852413463,0,14,28531,1093.84,56.32911392405063,123234.87658227848,8794.260886075948,11,17281,1130.44,56,yunj****,리메이크,재밌어요,좋아요,ㅉㅉㅉ,노잼,첨,1
734419,이거지롱,0.6158131852413463,0,14,28531,1093.84,56.32911392405063,123234.87658227848,8794.260886075948,7,11581,1083.5,56,yunj****,리메이크,재밌어요,좋아요,ㅉㅉㅉ,노잼,첨,1
734419,이거지롱,0.6158131852413463,0,14,28531,1093.84,56.32911392405063,123234.87658227848,8794.260886075948,3,10905,933.12,56,yunj****,리메이크,재밌어요,좋아요,ㅉㅉㅉ,노잼,첨,1
734419,이거지롱,0.6158131852413463,0,14,28531,1093.84,56.32911392405063,123234.87658227848,8794.260886075948,14,12345,1093.84,56,yunj****,리메이크,재밌어요,좋아요,ㅉㅉㅉ,노잼,첨,1
