id,title,5th,10th,first_positive_5,second_view_1,third_rating_people_5,first_positive_5_mean,second_view_1_mean,third_rating_people_5_mean,positive,view,rating_people,comment_writer_count,comment_writer,pos_keyword_1,pos_keyword_2,pos_keyword_3,neg_keyword_1,neg_keyword_2,neg_keyword_3,label
733866,이거지롱,0.6463218122566906,0,16,103789,4340.370000000001,56.32911392405063,123234.87658227848,8794.260886075948,40,103789,6221.04,140,zoo5****,재밌어요,소재,손님,여주가,마네킹이름은,아니라,1
733866,이거지롱,0.6463218122566906,0,16,103789,4340.370000000001,56.32911392405063,123234.87658227848,8794.260886075948,28,84484,5331.200000000001,140,zoo5****,재밌어요,소재,손님,여주가,마네킹이름은,아니라,1
733866,이거지롱,0.6463218122566906,0,16,103789,4340.370000000001,56.32911392405063,123234.87658227848,8794.260886075948,14,74256,4845.75,140,zoo5****,재밌어요,소재,손님,여주가,마네킹이름은,아니라,1
733866,이거지롱,0.6463218122566906,0,16,103789,4340.370000000001,56.32911392405063,123234.87658227848,8794.260886075948,23,69986,4539.599999999999,140,zoo5****,재밌어요,소재,손님,여주가,마네킹이름은,아니라,1
733866,이거지롱,0.6463218122566906,0,16,103789,4340.370000000001,56.32911392405063,123234.87658227848,8794.260886075948,16,66727,4340.370000000001,140,zoo5****,재밌어요,소재,손님,여주가,마네킹이름은,아니라,1
