id,title,5th,10th,first_positive_5,second_view_1,third_rating_people_5,first_positive_5_mean,second_view_1_mean,third_rating_people_5_mean,positive,view,rating_people,comment_writer_count,comment_writer,pos_keyword_1,pos_keyword_2,pos_keyword_3,neg_keyword_1,neg_keyword_2,neg_keyword_3,label
717464,이거지롱,0.6183792755026368,0,19,190411,4687.96,56.32911392405063,123234.87658227848,8794.260886075948,33,190411,6481.660000000001,251,zxvc****,래임이,치마,웹툰,왜,보는,이게,1
717464,이거지롱,0.6183792755026368,0,19,190411,4687.96,56.32911392405063,123234.87658227848,8794.260886075948,25,142919,4966.200000000001,251,zxvc****,래임이,치마,웹툰,왜,보는,이게,1
717464,이거지롱,0.6183792755026368,0,19,190411,4687.96,56.32911392405063,123234.87658227848,8794.260886075948,25,118031,4703.1,251,zxvc****,래임이,치마,웹툰,왜,보는,이게,1
717464,이거지롱,0.6183792755026368,0,19,190411,4687.96,56.32911392405063,123234.87658227848,8794.260886075948,33,107041,6203.91,251,zxvc****,래임이,치마,웹툰,왜,보는,이게,1
717464,이거지롱,0.6183792755026368,0,19,190411,4687.96,56.32911392405063,123234.87658227848,8794.260886075948,19,106629,4687.96,251,zxvc****,래임이,치마,웹툰,왜,보는,이게,1
