id,title,5th,10th,first_positive_5,second_view_1,third_rating_people_5,first_positive_5_mean,second_view_1_mean,third_rating_people_5_mean,positive,view,rating_people,comment_writer_count,comment_writer,pos_keyword_1,pos_keyword_2,pos_keyword_3,neg_keyword_1,neg_keyword_2,neg_keyword_3,label
700785,이거지롱,0.6122742903045398,0,5,24124,1154.3,56.32911392405063,123234.87658227848,8794.260886075948,8,24124,1504.58,28,yang****,좋습니다,쉬시고,일본,None,None,None,1
700785,이거지롱,0.6122742903045398,0,5,24124,1154.3,56.32911392405063,123234.87658227848,8794.260886075948,5,22404,1342.6,28,yang****,좋습니다,쉬시고,일본,None,None,None,1
700785,이거지롱,0.6122742903045398,0,5,24124,1154.3,56.32911392405063,123234.87658227848,8794.260886075948,3,16219,1284.36,28,yang****,좋습니다,쉬시고,일본,None,None,None,1
700785,이거지롱,0.6122742903045398,0,5,24124,1154.3,56.32911392405063,123234.87658227848,8794.260886075948,2,12880,1164.0,28,yang****,좋습니다,쉬시고,일본,None,None,None,1
700785,이거지롱,0.6122742903045398,0,5,24124,1154.3,56.32911392405063,123234.87658227848,8794.260886075948,5,11922,1154.3,28,yang****,좋습니다,쉬시고,일본,None,None,None,1
