id,title,5th,10th,first_positive_5,second_view_1,third_rating_people_5,first_positive_5_mean,second_view_1_mean,third_rating_people_5_mean,positive,view,rating_people,comment_writer_count,comment_writer,pos_keyword_1,pos_keyword_2,pos_keyword_3,neg_keyword_1,neg_keyword_2,neg_keyword_3,label
736287,이거지롱,0.73674500719095,0,122,109978,1381.8,56.32911392405063,123234.87658227848,8794.260886075948,250,109978,10320.12,731,zxcv****,q,묘월이,좋아요,스토리가,뭔가요,봤는데,1
736287,이거지롱,0.73674500719095,0,122,109978,1381.8,56.32911392405063,123234.87658227848,8794.260886075948,170,68861,7848.75,731,zxcv****,q,묘월이,좋아요,스토리가,뭔가요,봤는데,1
736287,이거지롱,0.73674500719095,0,122,109978,1381.8,56.32911392405063,123234.87658227848,8794.260886075948,181,41260,3535.56,731,zxcv****,q,묘월이,좋아요,스토리가,뭔가요,봤는데,1
736287,이거지롱,0.73674500719095,0,122,109978,1381.8,56.32911392405063,123234.87658227848,8794.260886075948,61,8007,1381.8,731,zxcv****,q,묘월이,좋아요,스토리가,뭔가요,봤는데,1
736287,이거지롱,0.73674500719095,0,122,109978,1381.8,56.32911392405063,123234.87658227848,8794.260886075948,122,8007,1381.8,731,zxcv****,q,묘월이,좋아요,스토리가,뭔가요,봤는데,1
