id,title,5th,10th,first_positive_5,second_view_1,third_rating_people_5,first_positive_5_mean,second_view_1_mean,third_rating_people_5_mean,positive,view,rating_people,comment_writer_count,comment_writer,pos_keyword_1,pos_keyword_2,pos_keyword_3,neg_keyword_1,neg_keyword_2,neg_keyword_3,label
775255,이거지롱,0.6634358923688932,0,23,9011,702.0,56.32911392405063,123234.87658227848,8794.260886075948,35,9011,1334.46,71,yyan****,축하드려요,도룡이,기대됩니다,중간에,맞춤법,하나,1
775255,이거지롱,0.6634358923688932,0,23,9011,702.0,56.32911392405063,123234.87658227848,8794.260886075948,14,5682,1102.88,71,yyan****,축하드려요,도룡이,기대됩니다,중간에,맞춤법,하나,1
775255,이거지롱,0.6634358923688932,0,23,9011,702.0,56.32911392405063,123234.87658227848,8794.260886075948,13,4790,952.56,71,yyan****,축하드려요,도룡이,기대됩니다,중간에,맞춤법,하나,1
775255,이거지롱,0.6634358923688932,0,23,9011,702.0,56.32911392405063,123234.87658227848,8794.260886075948,15,4412,851.7299999999999,71,yyan****,축하드려요,도룡이,기대됩니다,중간에,맞춤법,하나,1
775255,이거지롱,0.6634358923688932,0,23,9011,702.0,56.32911392405063,123234.87658227848,8794.260886075948,23,3838,702.0,71,yyan****,축하드려요,도룡이,기대됩니다,중간에,맞춤법,하나,1
