id,title,5th,10th,first_positive_5,second_view_1,third_rating_people_5,first_positive_5_mean,second_view_1_mean,third_rating_people_5_mean,positive,view,rating_people,comment_writer_count,comment_writer,pos_keyword_1,pos_keyword_2,pos_keyword_3,neg_keyword_1,neg_keyword_2,neg_keyword_3,label
763544,이거지롱,0.6341059261983927,0,39,27158,4319.55,56.32911392405063,123234.87658227848,8794.260886075948,3,27158,817.91,181,yy12****,와,정식,헐,이게,월세를,있습니다,1
763544,이거지롱,0.6341059261983927,0,39,27158,4319.55,56.32911392405063,123234.87658227848,8794.260886075948,14,17391,903.03,181,yy12****,와,정식,헐,이게,월세를,있습니다,1
763544,이거지롱,0.6341059261983927,0,39,27158,4319.55,56.32911392405063,123234.87658227848,8794.260886075948,43,84675,4513.74,181,yy12****,와,정식,헐,이게,월세를,있습니다,1
763544,이거지롱,0.6341059261983927,0,39,27158,4319.55,56.32911392405063,123234.87658227848,8794.260886075948,32,48781,4126.72,181,yy12****,와,정식,헐,이게,월세를,있습니다,1
763544,이거지롱,0.6341059261983927,0,39,27158,4319.55,56.32911392405063,123234.87658227848,8794.260886075948,39,44226,4319.55,181,yy12****,와,정식,헐,이게,월세를,있습니다,1
