id,title,5th,10th,first_positive_5,second_view_1,third_rating_people_5,first_positive_5_mean,second_view_1_mean,third_rating_people_5_mean,positive,view,rating_people,comment_writer_count,comment_writer,pos_keyword_1,pos_keyword_2,pos_keyword_3,neg_keyword_1,neg_keyword_2,neg_keyword_3,label
700877,이거지롱,0.6898034587160211,0,13,176137,3848.96,56.32911392405063,123234.87658227848,8794.260886075948,27,176137,5232.4800000000005,91,zhyu****,여임이,여주,와,뭔가,처음에,로딩중,1
700877,이거지롱,0.6898034587160211,0,13,176137,3848.96,56.32911392405063,123234.87658227848,8794.260886075948,13,147007,4186.25,91,zhyu****,여임이,여주,와,뭔가,처음에,로딩중,1
700877,이거지롱,0.6898034587160211,0,13,176137,3848.96,56.32911392405063,123234.87658227848,8794.260886075948,8,123219,4261.3,91,zhyu****,여임이,여주,와,뭔가,처음에,로딩중,1
700877,이거지롱,0.6898034587160211,0,13,176137,3848.96,56.32911392405063,123234.87658227848,8794.260886075948,12,112638,4969.92,91,zhyu****,여임이,여주,와,뭔가,처음에,로딩중,1
700877,이거지롱,0.6898034587160211,0,13,176137,3848.96,56.32911392405063,123234.87658227848,8794.260886075948,13,107414,3848.96,91,zhyu****,여임이,여주,와,뭔가,처음에,로딩중,1
