id,title,5th,10th,first_positive_5,second_view_1,third_rating_people_5,first_positive_5_mean,second_view_1_mean,third_rating_people_5_mean,positive,view,rating_people,comment_writer_count,comment_writer,pos_keyword_1,pos_keyword_2,pos_keyword_3,neg_keyword_1,neg_keyword_2,neg_keyword_3,label
86400,이거지롱,0.6882629230894763,0,79,139352,14794.15,56.32911392405063,123234.87658227848,8794.260886075948,313,139352,23362.59,874,zz41****,정주행,대박,와,이게,마카로,싸인펜으로,1
86400,이거지롱,0.6882629230894763,0,79,139352,14794.15,56.32911392405063,123234.87658227848,8794.260886075948,147,135997,19935.52,874,zz41****,정주행,대박,와,이게,마카로,싸인펜으로,1
86400,이거지롱,0.6882629230894763,0,79,139352,14794.15,56.32911392405063,123234.87658227848,8794.260886075948,100,54487,16784.86,874,zz41****,정주행,대박,와,이게,마카로,싸인펜으로,1
86400,이거지롱,0.6882629230894763,0,79,139352,14794.15,56.32911392405063,123234.87658227848,8794.260886075948,90,40623,15840.22,874,zz41****,정주행,대박,와,이게,마카로,싸인펜으로,1
86400,이거지롱,0.6882629230894763,0,79,139352,14794.15,56.32911392405063,123234.87658227848,8794.260886075948,79,36046,14794.15,874,zz41****,정주행,대박,와,이게,마카로,싸인펜으로,1
