id,title,5th,10th,first_positive_5,second_view_1,third_rating_people_5,first_positive_5_1,second_view_1_1,third_rating_people_5_1,first_positive_5_story,second_view_1_story,third_rating_people_5_story,positive,view,rating_people,positive_1,view_1,rating_people_1,positive_story,view_story,rating_people_story,comment_writer_count,comment_writer,pos_keyword_1,pos_keyword_2,pos_keyword_3,neg_keyword_1,neg_keyword_2,neg_keyword_3,label
278667,유니섹스 (UNISEX),0.6772635699941751,0.5847013607483802,288.0,72877,14542.44,56.32911392405063,123234.87658227848,8794.260886075948,50.242684157416754,69395.34207870837,6072.755958627649,332.0,72877,18192.63,84.30379746835443,123234.87658227848,10578.842784810126,68.4899091826438,69395.34207870837,7293.848582240162,2228,zzz7****,엄마,자연스럽게,어떡해,뭐야,있는데,뭔가,1
278667,유니섹스 (UNISEX),0.6772635699941751,0.5847013607483802,288.0,72877,14542.44,56.32911392405063,123234.87658227848,8794.260886075948,50.242684157416754,69395.34207870837,6072.755958627649,277.0,52741,15816.58,54.86392405063291,96116.10759493671,9658.456487341773,48.435418768920286,51538.39959636731,6607.998688193744,2228,zzz7****,엄마,자연스럽게,어떡해,뭐야,있는데,뭔가,1
278667,유니섹스 (UNISEX),0.6772635699941751,0.5847013607483802,288.0,72877,14542.44,56.32911392405063,123234.87658227848,8794.260886075948,50.242684157416754,69395.34207870837,6072.755958627649,255.0,37848,14762.78,50.813291139240505,80195.39240506329,9311.980189873419,46.25428859737639,43429.206357214935,6291.704515640767,2228,zzz7****,엄마,자연스럽게,어떡해,뭐야,있는데,뭔가,1
278667,유니섹스 (UNISEX),0.6772635699941751,0.5847013607483802,288.0,72877,14542.44,56.32911392405063,123234.87658227848,8794.260886075948,50.242684157416754,69395.34207870837,6072.755958627649,288.0,28009,15008.35,55.18037974683544,71927.29113924051,9014.11743670886,52.89455095862765,39567.73713420787,6106.571352169526,2228,zzz7****,엄마,자연스럽게,어떡해,뭐야,있는데,뭔가,1
278667,유니섹스 (UNISEX),0.6772635699941751,0.5847013607483802,288.0,72877,14542.44,56.32911392405063,123234.87658227848,8794.260886075948,50.242684157416754,69395.34207870837,6072.755958627649,288.0,24989,14542.44,56.32911392405063,68165.51582278482,8794.260886075948,50.242684157416754,37427.434914228055,6072.755958627649,2228,zzz7****,엄마,자연스럽게,어떡해,뭐야,있는데,뭔가,1
