id,title,5th,10th,first_positive_5,second_view_1,third_rating_people_5,first_positive_5_1,second_view_1_1,third_rating_people_5_1,first_positive_5_story,second_view_1_story,third_rating_people_5_story,positive,view,rating_people,positive_1,view_1,rating_people_1,positive_story,view_story,rating_people_story,comment_writer_count,comment_writer,pos_keyword_1,pos_keyword_2,pos_keyword_3,neg_keyword_1,neg_keyword_2,neg_keyword_3,label
60014,불새,0.6103126248524482,0.5263524264411924,16.0,1036,1113.2,56.32911392405063,123234.87658227848,8794.260886075948,50.242684157416754,69395.34207870837,6072.755958627649,19.0,1036,1612.2599999999998,84.30379746835443,123234.87658227848,10578.842784810126,68.4899091826438,69395.34207870837,7293.848582240162,128,(znfn****),어머니,와,재밌어요,아뭔가짠하네요,kaka,이것어,2
60014,불새,0.6103126248524482,0.5263524264411924,16.0,1036,1113.2,56.32911392405063,123234.87658227848,8794.260886075948,50.242684157416754,69395.34207870837,6072.755958627649,25.0,372,1500.7199999999998,54.86392405063291,96116.10759493671,9658.456487341773,48.435418768920286,51538.39959636731,6607.998688193744,128,(znfn****),어머니,와,재밌어요,아뭔가짠하네요,kaka,이것어,2
60014,불새,0.6103126248524482,0.5263524264411924,16.0,1036,1113.2,56.32911392405063,123234.87658227848,8794.260886075948,50.242684157416754,69395.34207870837,6072.755958627649,28.0,263,1366.04,50.813291139240505,80195.39240506329,9311.980189873419,46.25428859737639,43429.206357214935,6291.704515640767,128,(znfn****),어머니,와,재밌어요,아뭔가짠하네요,kaka,이것어,2
60014,불새,0.6103126248524482,0.5263524264411924,16.0,1036,1113.2,56.32911392405063,123234.87658227848,8794.260886075948,50.242684157416754,69395.34207870837,6072.755958627649,27.0,223,1231.95,55.18037974683544,71927.29113924051,9014.11743670886,52.89455095862765,39567.73713420787,6106.571352169526,128,(znfn****),어머니,와,재밌어요,아뭔가짠하네요,kaka,이것어,2
60014,불새,0.6103126248524482,0.5263524264411924,16.0,1036,1113.2,56.32911392405063,123234.87658227848,8794.260886075948,50.242684157416754,69395.34207870837,6072.755958627649,16.0,203,1113.2,56.32911392405063,68165.51582278482,8794.260886075948,50.242684157416754,37427.434914228055,6072.755958627649,128,(znfn****),어머니,와,재밌어요,아뭔가짠하네요,kaka,이것어,2
